,locality
0,Kurla 
1,Sadan wadi
2,Chembur 
3,Chembur
4,Mulund
5,Antop Hill
6,Vikhroli 
7,Govandi
8,Chembur 
9,Powai
10,Bhandup 
11,Mulund
12,Chandivali
13,Powai
14,Mulund
15,Bhandup 
16,Kurla 
17,Mulund
18,Tagore Nagar
19,Kannamwar Nagar 2
20,Kanjurmarg 
21,Chandivali
22,Mulund
23,Kanjurmarg 
24,Kanjurmarg 
25,Vikhroli 
26,Kanjurmarg 
27,Mulund
28,Raheja Vihar
29,Chembur
30,Bhandup 
31,Kanjurmarg west
32,Mulund
33,Bhandup 
34,Chembur
35,Powai
36,Bhandup 
37,Mulund
38,Kurla 
39,Mulund
40,Mulund
41,Bhandup 
42,Powai
43,Mulund
44,Mulund
45,Vikhroli 
46,Khalai Village
47,Ghatkopar 
48,Nahur 
49,Ghatla
50,Mulund
51,Mulund
52,Kurla 
53,Mulund
54,Vikhroli 
55,Mulund
56,Ghatkopar 
57,Chembur 
58,Sindhi Colony
59,Vidyavihar 
60,Kurla 
61,Bhandup 
62,Kanjurmarg 
63,Powai
64,Mulund
65,Powai
66,Mulund
67,Mulund
68,Chembur
69,Chembur
70,Mulund
71,Govandi
72,Ghatkopar 
73,Mulund
74,Ghatkopar 
75,Ghatkopar 
76,Ghatkopar 
77,Mulund
78,Mulund
79,Kurla 
80,Powai
81,Chembur
82,Chembur 
83,Powai
84,Mulund
85,Powai
86,Ghatkopar 
87,Ghatkopar 
88,Powai
89,Vikhroli 
90,Vikhroli 
91,Kurla 
92,Kurla 
93,Powai
94,Chembur
95,Kanjurmarg 
96,Chembur
97,Chandivali
98,Kurla 
99,Powai
100,Chembur
101,Pirojshanagar
102,Pirojshanagar
103,Powai
104,Powai
105,Bhandup 
106,Mulund
107,Mulund
108,Powai
109,Powai
110,Vikhroli 
111,Kannamwar Nagar 1
112,Pirojshanagar
113,Mulund
114,Mulund
115,Mulund
116,Vikhroli 
117,Chembur
118,Pirojshanagar
119,Chembur
120,Powai
121,Maneklal Estate
122,Ghatkopar 
123,Maneklal Estate
124,Ghatkopar 
125,Ghatkopar 
126,Mulund
127,Vikhroli 
128,Powai
129,Chembur 
130,Chembur
131,Chembur
132,Kurla 
133,Powai
134,Deonar
135,Powai
136,Pant Nagar
137,Chandivali
138,Mulund
139,Mulund
140,Pirojshanagar
141,Powai
142,Chembur
143,Chembur
144,Mulund
145,Sambhaji Nagar
146,Chandivali
147,Powai
148,Powai
149,Ghatkopar 
150,Ghatkopar 
151,Pant Nagar
152,Powai
153,Sindhi Society Chembur
154,Powai
155,Pirojshanagar
156,Chandivali
157,Vikhroli 
158,Powai
159,Deonar
160,Powai
161,Garodia Nagar
162,Mulund
163,Kurla 
164,Chembur
165,Powai
166,Chembur 
167,Chembur 
168,Deonar
169,Hariyali
170,Chembur
171,Chembur
172,Chembur
173,Pant Nagar
174,Postal Colony
175,Kanjurmarg 
176,Pirojshanagar
177,Kanjurmarg 
178,Kanjurmarg west
179,Ghatkopar 
180,Ghatkopar 
181,Ganesh Nagar
182,Ghatkopar 
183,Ghatkopar 
184,Chembur 
185,Chandivali
186,Swastik Park
187,Powai
188,Pant Nagar
189,Powai
190,Chembur
191,Tilak nagar
192,Ghatkopar 
193,Ghatkopar 
194,Ghatkopar 
195,Chandivali
196,Mulund
197,Mulund
198,Mulund
199,Mulund
200,Mulund
201,Mulund
202,Mulund
203,Mulund
204,Kanjurmarg 
205,Mulund
206,Chembur
207,Chembur
208,Powai
209,Powai
210,Deonar
211,Powai
212,Chembur
213,Bhandup 
214,Mulund
215,Powai
216,Powai
217,Powai
218,Tagore Nagar
219,Chandivali
220,Chembur
221,Chembur
222,Chembur
223,Mulund
224,Mulund
225,Deonar
226,Chembur
227,Chembur
228,Chembur
229,Kurla 
230,Powai
231,Chembur 
232,Chandivali
233,Powai
234,Powai
235,Swastik Park
236,Nahar Amrit Shakti
237,Powai
238,Mulund
239,Mulund
240,Ghatkopar 
241,Ghatkopar 
242,Ghatkopar 
243,Mulund
244,Mulund
245,Deonar
246,Deonar
247,Deonar
248,Deonar
249,Deonar
250,Ghatkopar 
251,Ghatkopar 
252,Kanjurmarg 
253,Chembur 
254,Chembur 
255,Chembur 
256,Chembur 
257,Deonar
258,Ghatkopar 
259,Powai
260,Chembur
261,Nahur 
262,Ghatkopar 
263,Kanjurmarg 
264,Kanjurmarg 
265,Chandivali
266,Chembur 
267,Chembur 
268,Chembur 
269,Chembur
270,Chembur
271,Chembur
272,Powai
273,Powai
274,Krishna Nagar
275,Kanjurmarg 
276,Mulund
277,Mulund
278,Chandivali
279,Powai
280,Chandivali
281,Powai
282,Ghatkopar 
283,Powai
284,Kanjurmarg 
285,Powai
286,Chembur
287,Kannamwar Nagar 1
288,Kannamwar Nagar 2
289,Powai
290,Chembur
291,Chandivali
292,Mulund
293,Powai
294,Kanjurmarg west
295,Mulund
296,Powai
297,Bhandup 
298,Mulund
299,Chembur 
300,Chembur
301,Kanjurmarg west
302,Garodia Nagar
303,Powai
304,Powai
305,Powai
306,Powai
307,Chandivali
308,Kannamwar Nagar 2
309,Powai
310,Pirojshanagar
311,Chembur
312,Ghatkopar 
313,Ghatkopar 
314,Ghatkopar 
315,Ghatkopar 
316,Ghatkopar 
317,Mulund
318,Tambe Nagar
319,Deonar
320,Ghatkopar 
321,Powai
322,Powai
323,Ghatkopar 
324,Tilak nagar
325,Kanjurmarg 
326,Mulund
327,Chembur 
328,Chembur
329,Kanjurmarg 
330,Ghatkopar
331,Ghatkopar
332,Ghatkopar
333,Powai
334,Vikhroli 
335,Bhandup 
336,Mulund
337,Vikhroli 
338,Mulund
339,Chandivali
340,Chandivali
341,Chandivali
342,Powai
343,Powai
344,Powai
345,Powai
346,Powai
347,Powai
348,Chandivali
349,Sion 
350,Tilak nagar
351,Powai
352,Mulund
353,Tilak nagar
354,Powai
355,Powai
356,Nahur 
357,Ghatkopar 
358,Hariyali
359,Tunga Village
360,Chembur
361,Chandivali
362,Chembur
363,Chembur
364,Deonar
365,Chembur
366,Mulund
367,Mulund
368,Deonar
369,Chembur Gaothan
370,Chembur 
371,Chembur
372,Chembur
373,Chembur
374,Chembur 
375,Union Park
376,Kanjurmarg 
377,Mulund
378,Chembur
379,Chembur 
380,Chembur 
381,Mulund
382,Mulund
383,Chembur 
384,Tilak nagar
385,Chembur
386,Kanjurmarg 
387,Mulund
388,Tilak nagar
389,Mulund
390,Mulund
391,Deonar
392,Deonar
393,Chembur 
394,Kanjurmarg west
395,Mulund
396,Ghatkopar 
397,Ghatkopar
398,Chembur
399,Ghatkopar
400,Chembur 
401,Pirojshanagar
402,Pirojshanagar
403,Ghatkopar 
404,Chembur
405,Deonar
406,Chembur
407,Mulund
408,Mulund
409,Mulund
410,Ghatkopar 
411,Kanjurmarg 
412,Kanjurmarg 
413,Kanjurmarg 
414,Mulund
415,Kanjurmarg 
416,Chembur
417,Ghatkopar 
418,Garodia Nagar
419,Ghatkopar
420,Ghatkopar 
421,Kanjurmarg west
422,Bhandup 
423,Hira Nagar
424,Chandivali
425,Chembur
426,Hariyali
427,Powai
428,Panchkutir Ganesh Nagar
429,Mulund
430,Mulund
431,Mulund
432,Mulund
433,Tagore Nagar
434,Kanjurmarg west
435,Kanjurmarg west
436,Panchkutir Ganesh Nagar
437,Chandivali
438,Powai
439,Chandivali
440,Powai
441,Ghatkopar 
442,Powai
443,Mulund
444,Siddharth Nagar
445,Chembur 
446,Chembur 
447,Deonar
448,Powai
449,Mulund
450,Mulund
451,Ghatkopar
452,Powai
453,Ghatkopar
454,Bhandup 
455,Powai
456,Nahar Amrit Shakti
457,Chandivali
458,Nahar Amrit Shakti
459,Nahar Amrit Shakti
460,Nahar Amrit Shakti
461,Ghatkopar 
462,Bail Bajar
463,Ghatkopar 
464,Sindhi Society Chembur
465,"Nehru Nagar,Kurla"
466,Deonar
467,Sindhi Society Chembur
468,Chembur
469,Powai
470,Kanjurmarg west
471,Deonar
472,Deonar
473,Chembur
474,Ghatkopar 
475,Ghatkopar 
476,Mulund
477,Bhandup 
478,Govind Nagar
479,Chembur
480,Chandivali
481,Bhandup 
482,Chembur 
483,Mulund
484,Chembur 
485,Sion Koliwada
486,Chembur
487,Nehru Nagar
488,Ambedkar Nagar
489,Chembur
490,Chembur 
491,Kanjurmarg 
492,Chembur
493,Chembur
494,Kanjurmarg 
495,Kanjurmarg west
496,Mulund
497,Chembur
498,Chembur
499,Powai
500,Kanjurmarg 
501,Kanjurmarg 
502,Kanjurmarg 
503,Mulund
504,Ghatkopar 
505,Garodia Nagar
506,Vikhroli 
507,Vikhroli 
508,Chembur
509,Vikhroli 
510,Ghatkopar 
511,Ghatkopar 
512,Ghatkopar
513,Deonar
514,Kanjurmarg 
515,Panchkutir Ganesh Nagar
516,Powai
517,Nahar Amrit Shakti
518,Chandivali
519,Tunga Village
520,Powai
521,Ghatkopar 
522,Vikhroli 
523,Vikhroli 
524,Mulund
525,Mulund
526,Mulund
527,Mulund
528,Ghatkopar 
529,Mulund
530,Deonar
531,Mulund
532,Mulund
533,Ghatkopar 
534,Chembur
535,Ghatkopar 
536,Chembur 
537,Garodia Nagar
538,Ghatkopar 
539,Ghatkopar 
540,Chembur
541,Chembur
542,Chembur
543,Chembur
544,Chembur
545,Subhash Nagar
546,Powai
547,Pant Nagar
548,Kanjurmarg 
549,Ghatkopar 
550,Powai
551,Sion Koliwada
552,Chembur 
553,Powai
554,Powai
555,Vikhroli 
556,Powai
557,Chembur 
558,Mulund
559,Powai
560,Tilak nagar
561,Mulund
562,Mulund
563,Mulund
564,Powai
565,Ghatkopar 
566,Ghatkopar 
567,Mulund
568,Powai
569,Chembur
570,Mulund
571,Mulund
572,Mulund
573,Mulund
574,Mulund
575,Powai
576,Powai
577,Chembur 
578,Mulund
579,Sadan wadi
580,Bhandup 
581,Ghatkopar 
582,Pestom Sagar Colony
583,Ghatkopar 
584,Ghatkopar 
585,Kanjurmarg west
586,Bhandup 
587,Kurla 
588,Powai
589,Powai
590,Bhandup 
591,Chembur
592,Bhandup 
593,Bhandup 
594,Bhandup 
595,Sindhi Society Chembur
596,Mulund
597,Mulund
598,Mulund
599,Mulund
600,Mulund
601,Chembur
602,Chembur 
603,Chembur
604,Chembur
605,Mulund
606,Mulund
607,Mulund
608,Sambhaji Nagar
609,Mulund
610,Nahur
611,Kurla 
612,Mulund
613,Sambhaji Nagar
614,Kannamwar Nagar 1
615,Pant Nagar
616,Chembur 
617,Chembur
618,Mulund
619,Powai
620,Powai
621,Powai
622,Powai
623,Powai
624,Powai
625,Powai
626,Powai
627,Powai
628,Powai
629,Ghatkopar 
630,Ghatkopar 
631,Ghatkopar 
632,Ghatkopar 
633,Garodia Nagar
634,Ghatkopar 
635,Ghatkopar 
636,Garodia Nagar
637,Ghatkopar 
638,Ghatkopar 
639,Ghatkopar 
640,Ghatkopar 
641,Sindhi Society Chembur
642,Ghatla
643,Chandivali
644,Sion 
645,Bhandup 
646,Bhandup 
647,Tilak nagar
648,Chembur 
649,Vikhroli 
650,Vikhroli 
651,Vikhroli 
652,Vikhroli 
653,Chembur
654,Chandivali
655,Chandivali
656,Ghatkopar 
657,Powai
658,Pirojshanagar
659,Pirojshanagar
660,Ghatkopar 
661,Ghatkopar 
662,Ghatkopar 
663,Chembur 
664,Chembur 
665,Ghatkopar 
666,Chandivali
667,Ghatkopar 
668,Ghatkopar 
669,Chandivali
670,Ghatkopar 
671,Tilak nagar
672,Chandivali
673,Chembur
674,Powai
675,Chandivali
676,Chembur 
677,Chembur 
678,Chandivali
679,Ghatkopar 
680,Chembur 
681,Sindhi Society Chembur
682,Chembur 
683,Ghatkopar 
684,Chembur 
685,Chembur 
686,Mulund
687,Chembur 
688,Mulund
689,Ghatkopar 
690,Pirojshanagar
691,Pirojshanagar
692,Powai
693,Mulund
694,Chembur 
695,Powai
696,Powai
697,Chembur
698,Powai
699,Powai
700,Chembur 
701,Tilak nagar
702,Garodia Nagar
703,Tilak nagar
704,Tilak nagar
705,Powai
706,Ghatkopar 
707,Kanjurmarg 
708,Swastik Park
709,Union Park
710,Ghatkopar 
711,Powai
712,Powai
713,Powai
714,Kanjurmarg 
715,Powai
716,Mulund
717,Mulund
718,Mulund
719,Mulund
720,Chembur 
721,Bhandup 
722,Govind Nagar
723,Mulund
724,Mulund
725,Chembur
726,Chembur
727,Chembur
728,Powai
729,Mulund
730,Chandivali
731,Powai
732,Powai
733,Powai
734,Powai
735,Powai
736,Powai
737,Chembur 
738,Powai
739,Powai
740,Ghatkopar 
741,Ghatkopar 
742,Ambedkar Nagar
743,Chembur
744,Mulund
745,Powai
746,Powai
747,Sindhi Society Chembur
748,Ganesh Nagar
749,Ghatkopar 
750,Powai
751,Powai
752,Nahar Amrit Shakti
753,Chembur
754,Chembur
755,Ghatkopar 
756,Ghatkopar 
757,Chembur
758,Powai
759,Bhandup 
760,Powai
761,Powai
762,Bhandup 
763,Pant Nagar
764,Chandivali
765,Powai
766,Raheja Vihar
767,Mulund
768,Mulund
769,Mulund
770,Deonar
771,Chembur
772,Chembur
773,Deonar
774,Chembur
775,Deonar
776,Ghatkopar 
777,Kanjurmarg 
778,Kanjurmarg 
779,Panchkutir Ganesh Nagar
780,Deonar
781,Powai
782,Powai
783,Powai
784,Mulund
785,Mulund
786,Mulund
787,Mulund
788,Powai
789,Powai
790,Kanjurmarg west
791,Powai
792,Chandivali
793,Ghatkopar 
794,Ghatkopar 
795,Chembur
796,Ghatkopar 
797,Powai
798,Sindhi Society Chembur
799,Sindhi Society Chembur
800,Chembur
801,Kurla 
802,Kurla 
803,Kurla 
804,Kurla 
805,Chembur
806,Kurla 
807,Tilak nagar
808,Mulund
809,Tilak nagar
810,Union Park
811,Vikhroli 
812,Chembur
813,Kurla
814,Mulund
815,Ghatkopar 
816,Chembur
817,Vikhroli 
818,Ghatkopar 
819,Chandivali
820,Vikhroli 
821,Chembur 
822,Powai
823,Powai
824,Powai
825,Chandivali
826,Ghatkopar 
827,Ghatkopar 
828,Chandivali
829,Ghatkopar 
830,Chembur
831,Chembur
832,Powai
833,Mulund
834,Ghatkopar 
835,Ghatkopar 
836,Vikhroli 
837,Nahar Amrit Shakti
838,Mulund
839,Mulund
840,New Rajaram Wadi
841,Mulund
842,Mulund
843,Mulund
844,Mulund
845,Kanjurmarg west
846,Nahur 
847,Powai
848,Kanjurmarg 
849,Raheja Vihar
850,Chembur 
851,Chembur
852,Sindhi Society Chembur
853,Sindhi Society Chembur
854,Deonar
855,Chembur 
856,Powai
857,Powai
858,Powai
859,Kanjurmarg west
860,Chandivali
861,Chembur 
862,Mulund
863,Mulund
864,Mulund
865,Mulund
866,Mulund
867,Neelam Nagar
868,Bhandup 
869,Siddharth Nagar
870,Mulund
871,Mulund
872,Subhash Nagar
873,Chembur 
874,Powai
875,Chembur 
876,Vidyavihar 
877,Powai
878,Gangawadi
879,Chembur 
880,Ghatkopar 
881,Chembur 
882,Chembur
883,RCF Colony Chembur
884,Powai
885,Ghatkopar 
886,Powai
887,Lok Milan Colony
888,Powai
889,Bhandup 
890,Vikhroli 
891,Chandivali
892,Jaydev Singh Nagar
893,Bhandup 
894,Jaydev Singh Nagar
895,Chandivali
896,Chembur 
897,Garodia Nagar
898,Chandivali
899,Chandivali
900,Powai
901,Chembur
902,Chembur
903,Chembur 
904,Chembur 
905,Chembur 
906,Chembur 
907,Chembur 
908,Chembur 
909,Chembur
910,Mulund
911,Mulund
912,Mulund
913,Mulund
914,Mulund
915,Mulund
916,Chembur
917,Mulund
918,Chembur
919,Chembur
920,Sambhaji Nagar
921,Kurla 
922,Kannamwar Nagar 2
923,Kurla 
924,"Nehru Nagar,Kurla"
925,Powai
926,Chandivali
927,Powai
928,Deonar
929,Deonar
930,Ghatkopar 
931,Sindhu Wadi
932,Ghatkopar 
933,Powai
934,Sion 
935,Sion 
936,Sion 
937,Ghatkopar 
938,Deonar
939,Ghatkopar 
940,Mulund
941,Chembur 
942,Chembur 
943,Chembur 
944,Deonar
945,Ghatkopar 
946,Chembur
947,Chembur 
948,Deonar
949,Chembur 
950,Chembur 
951,Chembur 
952,Deonar
953,Chembur 
954,Chembur 
955,Chembur
956,Deonar
957,Deonar
958,Deonar
959,Ghatkopar 
960,Ghatkopar
961,Chembur
962,Chembur
963,Chembur
964,Sion Trombay Road
965,Ghatkopar
966,Ghatkopar
967,Ghatkopar
968,Nahur
969,Nehru Nagar
970,Powai
971,Ghatkopar 
972,Ghatkopar 
973,Ghatkopar 
974,Ghatkopar 
975,Ghatkopar 
976,Ghatkopar 
977,Ghatkopar 
978,Kanjurmarg 
979,Ghatkopar
980,Ghatkopar
981,Ghatkopar
982,Ghatkopar
983,Ghatkopar
984,Chembur 
985,Mulund
986,Vikhroli 
987,Ghatkopar
988,Ganesh Nagar
989,Chembur 
990,Chembur 
991,Chandivali
992,Ghatkopar 
993,Mulund
994,Kanjurmarg 
995,Chandivali
996,Pant Nagar
997,Powai
998,Powai
999,Powai
1000,Tilak nagar
1001,Tilak nagar
1002,Tilak nagar
1003,Chandivali
1004,Chembur
1005,Chembur
1006,Chembur 
1007,Chembur 
1008,Chembur 
1009,Chembur
1010,Ghatkopar 
1011,Mulund
1012,Powai
1013,Powai
1014,Powai
1015,Mulund
1016,Mulund
1017,Mulund
1018,Mulund
1019,Mulund
1020,Mulund
1021,Mulund
1022,Mulund
1023,Mulund
1024,Vikhroli 
1025,Tilak nagar
1026,Tilak nagar
1027,Sindhu Wadi
1028,Sion 
1029,Chembur
1030,Ghatkopar 
1031,Pant Nagar
1032,Chembur
1033,Powai
1034,Powai
1035,Mulund
1036,Mulund
1037,Powai
1038,Nahar Amrit Shakti
1039,Chembur
1040,Ghatkopar 
1041,Powai
1042,Powai
1043,Chandivali
1044,Chandivali
1045,Chandivali
1046,Powai
1047,Kurla 
1048,Chembur
1049,Chembur 
1050,Chembur
1051,Mulund
1052,Antop Hill
1053,Vikhroli 
1054,Govandi
1055,Chembur 
1056,Ghatkopar 
1057,Mulund
1058,Chembur 
1059,Chembur
1060,Mulund
1061,Antop Hill
1062,Vikhroli 
1063,Govandi
1064,Chembur 
1065,Mulund
1066,Chembur 
1067,Chembur 
1068,Chembur
1069,Mulund
1070,Antop Hill
1071,Vikhroli 
1072,Govandi
1073,Chembur 
1074,Mulund
1075,Chembur
1076,Chembur 
1077,Chembur
1078,Mulund
1079,Antop Hill
1080,Vikhroli 
1081,Govandi
1082,Chembur 
1083,Mulund
1084,Chembur
1085,Chembur 
1086,Chembur
1087,Mulund
1088,Antop Hill
1089,Vikhroli 
1090,Govandi
1091,Chembur 
1092,Powai
1093,Bhandup 
1094,Mulund
1095,Chandivali
1096,Powai
1097,Kurla 
1098,Mulund
1099,Bhandup 
1100,Mulund
1101,Powai
1102,Chembur 
1103,Chembur
1104,Mulund
1105,Antop Hill
1106,Vikhroli 
1107,Govandi
1108,Chembur 
1109,Powai
1110,Bhandup 
1111,Mulund
1112,Chandivali
1113,Powai
1114,Kurla 
1115,Mulund
1116,Bhandup 
1117,Kannamwar Nagar 2
1118,Tagore Nagar
1119,Mulund
1120,Kanjurmarg 
1121,Chandivali
1122,Kanjurmarg 
1123,Mulund
1124,Kanjurmarg 
1125,Kanjurmarg 
1126,Mulund
1127,Raheja Vihar
1128,Chembur
1129,Mulund
1130,Bhandup 
1131,Bhandup 
1132,Chembur
1133,Powai
1134,Mulund
1135,Kurla 
1136,Mulund
1137,Kanjurmarg west
1138,Mulund
1139,Bhandup 
1140,Powai
1141,Mulund
1142,Mulund
1143,Vikhroli 
1144,Khalai Village
1145,Ghatkopar 
1146,Nahur 
1147,Ghatla
1148,Mulund
1149,Mulund
1150,Kurla 
1151,Vikhroli 
1152,Ghatkopar 
1153,Mulund
1154,Kurla 
1155,Bhandup 
1156,Vidyavihar 
1157,Kanjurmarg 
1158,Powai
1159,Mulund
1160,Powai
1161,Sindhi Colony
1162,Mulund
1163,Chembur
1164,Govandi
1165,Bhandup 
1166,Ghatkopar 
1167,Mulund
1168,Mulund
1169,Kurla 
1170,Ghatkopar 
1171,Mulund
1172,Chembur
1173,Ghatkopar 
1174,Kanjurmarg 
1175,Chembur 
1176,Powai
1177,Ghatkopar 
1178,Powai
1179,Vikhroli 
1180,Vikhroli 
1181,Mulund
1182,Ghatkopar 
1183,Kurla 
1184,Powai
1185,Chembur
1186,Chembur
1187,Kanjurmarg 
1188,Ghatkopar 
1189,Chandivali
1190,Powai
1191,Chandivali
1192,Chembur
1193,Kurla 
1194,Pirojshanagar
1195,Pirojshanagar
1196,Powai
1197,Chembur
1198,Powai
1199,Bhandup 
1200,Mulund
1201,Mulund
1202,Powai
1203,Powai
1204,Kurla 
1205,Vikhroli 
1206,Kannamwar Nagar 1
1207,Pirojshanagar
1208,Mulund
1209,Mulund
1210,Powai
1211,Powai
1212,Mulund
1213,Vikhroli 
1214,Chembur
1215,Pirojshanagar
1216,Chembur
1217,Powai
1218,Ghatkopar 
1219,Maneklal Estate
1220,Ghatkopar 
1221,Ghatkopar 
1222,Mulund
1223,Vikhroli 
1224,Vikhroli 
1225,Powai
1226,Powai
1227,Chembur 
1228,Chembur
1229,Kurla 
1230,Powai
1231,Deonar
1232,Maneklal Estate
1233,Powai
1234,Kurla 
1235,Pant Nagar
1236,Mulund
1237,Mulund
1238,Powai
1239,Powai
1240,Taloja
1241,Panvel
1242,Sector 8 Sanpada
1243,Panvel
1244,Sector 20 Kopar Khairane
1245,Sector 9 Vashi
1246,Ulwe
1247,Karanjade
1248,Kopar Khairane
1249,Sector 19 Kharghar
1250,Sector 19 Kharghar
1251,Shilphata
1252,Panvel
1253,Karanjade
1254,Airoli
1255,Sector 24 Ulwe
1256,Sector 17 Ulwe
1257,Sector 35E Kharghar
1258,Sector 17 Vashi
1259,Kamothe
1260,Kamothe
1261,Old Panvel
1262,Kamothe
1263,Kamothe
1264,Navada Colony
1265,Sector 35 Kamothe
1266,Panvel
1267,Sector 35 Kamothe
1268,Ulwe
1269,Sector 35G Kharghar
1270,Sector 7 Kharghar
1271,Sector 20 Roadpali
1272,New Panvel
1273,Dronagiri
1274,Taloja Phase 2
1275,Kharghar
1276,New Panvel
1277,Sector 44A Seawoods
1278,Ranjanpada
1279,Sector 8A Airoli
1280,Belapur
1281,Adaigaon
1282,Ulwe
1283,Sanpada
1284,Sector 35 Kamothe
1285,Sector 21 Kamothe
1286,Sector 23 Kharghar
1287,Sector 7 Kharghar
1288,Sector 35 Kamothe
1289,Sector 22 Kamothe
1290,New Panvel
1291,Sector 35I Kharghar
1292,Karanjade
1293,Sector 22 Kamothe
1294,Kamothe
1295,Sector 8B Belapur
1296,Khanda Colony
1297,Ulwe
1298,Kamothe
1299,Sector 11 Kamothe
1300,Adaigaon
1301,Sector 18 Ulwe
1302,Sector 21 Kamothe
1303,Sector 9 Ulwe
1304,Kharghar
1305,Khanda Colony
1306,Sector 18 Kamothe
1307,Panvel
1308,Kamothe
1309,Ghansoli
1310,Kharghar
1311,Kamothe
1312,Kopar Khairane
1313,Panvel
1314,Kamothe
1315,Vihighar
1316,Pushpak Nagar
1317,Panvel
1318,Sector 8 Sanpada
1319,Panvel
1320,Sector 20 Kopar Khairane
1321,Sector 9 Vashi
1322,Ulwe
1323,Karanjade
1324,Kopar Khairane
1325,Sector 19 Kharghar
1326,Sector 19 Kharghar
1327,Shilphata
1328,Panvel
1329,Karanjade
1330,Airoli
1331,Sector 24 Ulwe
1332,Sector 17 Ulwe
1333,Sector 35E Kharghar
1334,Sector 17 Vashi
1335,Kamothe
1336,Kamothe
1337,Old Panvel
1338,Kamothe
1339,Kamothe
1340,Navada Colony
1341,Sector 35 Kamothe
1342,Panvel
1343,Sector 35 Kamothe
1344,Ulwe
1345,Sector 35G Kharghar
1346,Sector 7 Kharghar
1347,Sector 20 Roadpali
1348,New Panvel
1349,Dronagiri
1350,Taloja Phase 2
1351,Kharghar
1352,New Panvel
1353,Sector 44A Seawoods
1354,Ranjanpada
1355,Sector 8A Airoli
1356,Belapur
1357,Adaigaon
1358,Ulwe
1359,Sanpada
1360,Sector 35 Kamothe
1361,Sector 21 Kamothe
1362,Sector 23 Kharghar
1363,Sector 7 Kharghar
1364,Sector 35 Kamothe
1365,Sector 22 Kamothe
1366,New Panvel
1367,Sector 35I Kharghar
1368,Karanjade
1369,Sector 22 Kamothe
1370,Sector 9 Ulwe
1371,Kamothe
1372,Sector 8B Belapur
1373,Khanda Colony
1374,Ulwe
1375,Kamothe
1376,Sector 11 Kamothe
1377,Sector 18 Ulwe
1378,Sector 21 Kamothe
1379,Kharghar
1380,Khanda Colony
1381,Sector 18 Kamothe
1382,Panvel
1383,Kamothe
1384,Ghansoli
1385,Kharghar
1386,Kamothe
1387,Kopar Khairane
1388,Panvel
1389,Kamothe
1390,Adaigaon
1391,Vihighar
1392,Usarli Khurd
1393,Sector 9 Vashi
1394,Sector 17 Vashi
1395,Vashi
1396,Sector 19D Vashi
1397,Sector 29 Vashi
1398,Sector 19A Vashi
1399,Sector 15 Vashi
1400,Sector 28 Vashi
1401,Sector 17 Vashi
1402,Sector 29 Vashi
1403,Sector 16 Vashi
1404,Sector 15 Vashi
1405,Vashi
1406,Vashi
1407,Sector 28 Vashi
1408,Vashi
1409,Sector 10 Vashi
1410,Sector 14 Vashi
1411,Sector 31 Vashi
1412,Sector 17 Vashi
1413,Sector 12 Vashi
1414,Sector 28 Vashi
1415,Sector 28 Vashi
1416,Sector 30A Vashi
1417,Vashi
1418,Vashi
1419,Sector 26 Vashi
1420,Sector 12 Vashi
1421,Sector 12 Vashi
1422,Sector 12 Vashi
1423,Sector 26 Vashi
1424,Sector 26 Vashi
1425,Vashi
1426,Sector 29 Vashi
1427,Sector 12 Vashi
1428,Sector 12 Vashi
1429,Vashi
1430,Sector 12 Vashi
1431,Sector 12 Vashi
1432,Sector 12 Vashi
1433,Sector 15 Vashi
1434,Sector 28 Vashi
1435,Vashi
1436,Sector 26 Vashi
1437,Sector 12 Vashi
1438,Sector 16 Vashi
1439,Vashi
1440,Sector 14 Vashi
1441,Vashi
1442,Vashi
1443,Vashi
1444,Sector 16 Vashi
1445,Vashi
1446,Sector 26 Vashi
1447,Vashi
1448,Sector 6 Vashi
1449,Sector 9A Vashi
1450,Sector 9A Vashi
1451,Sector 9A Vashi
1452,Sector 6 Vashi
1453,Sector 17 Vashi
1454,Sector 6 Vashi
1455,Vashi
1456,Sector 30 Vashi
1457,Vashi
1458,Sector 9 Vashi
1459,Vashi
1460,Sector 12 Vashi
1461,Sector 12 Vashi
1462,Sector 28 Vashi
1463,Sector 29 Vashi
1464,Vashi
1465,Sector 28 Vashi
1466,Vashi
1467,Sector 7 Vashi
1468,Sector 26 Vashi
1469,Sector 14 Vashi
1470,Vashi
1471,Sector 12 Vashi
1472,Sector 28 Vashi
1473,Sector 12 Vashi
1474,Vashi
1475,Vashi
1476,Sector 12 Vashi
1477,Sector 19 Vashi
1478,Sector 19 Vashi
1479,Sector 19 Vashi
1480,Vashi
1481,Vashi
1482,Sector 28 Vashi
1483,Sector 28 Vashi
1484,Sector 2 Vashi
1485,Vashi
1486,Sector 28 Vashi
1487,Sector 19 Vashi
1488,Vashi
1489,Vashi
1490,Vashi
1491,Vashi
1492,Vashi
1493,Vashi
1494,Vashi
1495,Sector 16 Vashi
1496,Sector 19 Vashi
1497,Sector 14 Vashi
1498,Sector 9 Vashi
1499,Sector 15 Vashi
1500,Sector 12 Vashi
1501,Sector 17 Vashi
1502,Vashi
1503,Sector 15 Vashi
1504,Sector 14 Vashi
1505,Vashi
1506,Vashi
1507,Sector 16 Vashi
1508,Vashi
1509,Sector 12 Vashi
1510,Sector 12 Vashi
1511,Sector 26 Vashi
1512,Vashi
1513,Vashi
1514,Vashi
1515,Vashi
1516,Sector 9 Vashi
1517,Vashi
1518,Sector 12 Vashi
1519,Sector 12 Vashi
1520,Sector 14 Vashi
1521,Sector 19D Vashi
1522,Vashi
1523,Sector 28 Vashi
1524,Vashi
1525,Vashi
1526,Sector 14 Vashi
1527,Sector 29 Vashi
1528,Sector 9 Vashi
1529,Vashi
1530,Vashi
1531,Vashi
1532,Vashi
1533,Vashi
1534,Vashi
1535,Sector 28 Vashi
1536,Sector 12 Vashi
1537,Vashi
1538,Vashi
1539,Vashi
1540,Vashi
1541,Vashi
1542,Sector 9 Vashi
1543,Sector 28 Vashi
1544,Sector 17 Vashi
1545,Vashi
1546,Vashi
1547,Sector 29 Vashi
1548,Sector 29 Vashi
1549,Sector 19 Vashi
1550,Sector 17 Vashi
1551,Vashi
1552,Sector 12 Vashi
1553,Vashi
1554,Vashi
1555,Vashi
1556,Vashi
1557,Vashi
1558,Vashi
1559,Vashi
1560,Vashi
1561,Sector 17 Vashi
1562,Sector 10A Vashi
1563,Sector 10 Vashi
1564,Sector 2 Vashi
1565,Sector 15 Vashi
1566,Sector 12 Vashi
1567,Sector 14 Vashi
1568,Sector 15 Vashi
1569,Sector 28 Vashi
1570,Sector 17 Vashi
1571,Sector 9 Vashi
1572,Sector 17 Vashi
1573,Vashi
1574,Vashi
1575,Vashi
1576,Vashi
1577,Vashi
1578,Vashi
1579,Vashi
1580,Vashi
1581,Vashi
1582,Vashi
1583,Vashi
1584,Vashi
1585,Vashi
1586,Vashi
1587,Vashi
1588,Vashi
1589,Vashi
1590,Sector 2 Vashi
1591,Sector 9 Vashi
1592,Vashi
1593,Vashi
1594,Vashi
1595,Vashi
1596,Sector 14 Vashi
1597,Sector 6 Vashi
1598,Sector 6 Vashi
1599,Sector 6 Vashi
1600,Sector 6 Vashi
1601,Sector 12 Vashi
1602,Sector 19 Vashi
1603,Vashi
1604,Sector 17 Vashi
1605,Sector 17 Vashi
1606,Vashi
1607,Sector 19 Vashi
1608,Vashi
1609,Vashi
1610,Sector 14 Vashi
1611,Sector 14 Vashi
1612,Sector 10 Vashi
1613,Sector 10 Vashi
1614,Sector 12 Vashi
1615,Vashi
1616,Vashi
1617,Sector 14 Vashi
1618,Sector 12 Vashi
1619,Vashi
1620,Sector 29 Vashi
1621,Vashi
1622,Vashi
1623,Sector 28 Vashi
1624,Vashi
1625,Vashi
1626,Sector 5 Vashi
1627,Vashi
1628,Vashi
1629,Sector 12 Vashi
1630,Vashi
1631,Sector 26 Vashi
1632,Sector 30A Vashi
1633,Sector 12 Vashi
1634,Sector 28 Vashi
1635,Sector 14 Vashi
1636,Vashi
1637,Sector 30 Vashi
1638,Sector 14 Vashi
1639,Sector 15 Vashi
1640,Sector 3 Vashi
1641,Sector 29 Vashi
1642,Vashi
1643,Vashi
1644,Sector 16 Vashi
1645,Sector 29 Vashi
1646,Vashi
1647,Sector 6 Vashi
1648,Vashi
1649,Sector 26 Vashi
1650,Sector 30A Vashi
1651,Vashi
1652,Sector 11 Vashi
1653,Sector 12 Vashi
1654,Sector 31 Vashi
1655,Vashi
1656,Sector 9A Vashi
1657,Sector 12 Vashi
1658,Vashi
1659,Sector 29 Vashi
1660,Sector 9 Vashi
1661,Sector 9 Vashi
1662,Sector 11 Vashi
1663,Sector 11 Vashi
1664,Sector 30 Vashi
1665,Sector 3 Vashi
1666,Sector 10 Vashi
1667,Sector 28 Vashi
1668,Sector 29 Vashi
1669,Sector 9 Vashi
1670,Sector 12 Vashi
1671,Sector 8 Vashi
1672,Sector 30A Vashi
1673,Sector 26 Vashi
1674,Sector 11 Vashi
1675,Sector 28 Vashi
1676,Sector 31 Vashi
1677,Sector 28 Vashi
1678,Vashi
1679,Sector 12 Vashi
1680,Sector 12 Vashi
1681,Sector 28 Vashi
1682,Sector 28 Vashi
1683,Sector 26 Vashi
1684,Sector 5 Vashi
1685,Sector 2 Vashi
1686,Sector 8 Vashi
1687,Sector 17 Vashi
1688,Sector 26 Vashi
1689,Sector 29 Vashi
1690,Sector 31 Vashi
1691,Vashi
1692,Sector 31 Vashi
1693,Sector 6 Vashi
1694,Vashi
1695,Sector 14 Vashi
1696,Sector 6 Vashi
1697,Vashi
1698,Sector 11 Vashi
1699,Vashi
1700,Sector 9 Vashi
1701,Sector 9 Vashi
1702,Vashi
1703,Sector 9 Vashi
1704,Vashi
1705,Vashi
1706,Sector 28 Vashi
1707,Sector 12 Vashi
1708,Sector 12 Vashi
1709,Sector 15 Vashi
1710,Sector 26 Vashi
1711,Vashi
1712,Sector 9 Vashi
1713,Sector 28 Vashi
1714,Sector 26 Vashi
1715,Sector 26 Vashi
1716,Sector 16 Vashi
1717,Vashi
1718,Sector 31 Vashi
1719,Vashi
1720,Vashi
1721,Sector 14 Vashi
1722,Sector 16 Vashi
1723,Vashi
1724,Sector 28 Vashi
1725,Sector 12 Vashi
1726,Sector 26 Vashi
1727,Sector 26 Vashi
1728,Sector 12 Vashi
1729,Sector 9 Vashi
1730,Sector 17 Vashi
1731,Sector 17 Vashi
1732,Sector 12 Vashi
1733,Sector 9 Vashi
1734,Vashi
1735,Sector 30 Vashi
1736,Sector 11 Vashi
1737,Vashi
1738,Mumbai Central
1739,Dongri
1740,Dongri
1741,Dongri
1742,Dongri
1743,Dongri
1744,Mazgaon
1745,Wadala
1746,Wadala
1747,Wadala
1748,Wadala
1749,Wadala
1750,Wadala
1751,Wadala
1752,Wadala
1753,Wadala
1754,Wadala
1755,Wadala
1756,Wadala
1757,Wadala
1758,Mumbai Central
1759,RTO Colony
1760,Mumbai Central
1761,Mumbai Central
1762,Dongri
1763,Dongri
1764,Agripada
1765,Dongri
1766,Dongri
1767,Dongri
1768,Dongri
1769,Dongri
1770,Dongri
1771,Dongri
1772,Dongri
1773,Dongri
1774,Dongri
1775,Girgaon
1776,Byculla
1777,Byculla
1778,Byculla
1779,Byculla
1780,Mazgaon
1781,Masjid Bandar 
1782,Nagpada
1783,Mazgaon
1784,Mazgaon
1785,Byculla 
1786,Nagpada
1787,Mazgaon
1788,Mazgaon
1789,Tardeo
1790,Mumbai Central
1791,RTO Colony
1792,Mumbai Central
1793,Mumbai Central
1794,Dongri
1795,Mumbai Central
1796,Dongri
1797,Agripada
1798,Dongri
1799,Dongri
1800,Agripada
1801,Agripada
1802,Agripada
1803,Agripada
1804,Agripada
1805,Dongri
1806,Agripada
1807,Agripada
1808,Dongri
1809,Agripada
1810,Agripada
1811,Agripada
1812,Agripada
1813,Nagpada
1814,Girgaon
1815,Nagpada
1816,Nagpada
1817,Girgaon
1818,Nagpada
1819,Nagpada
1820,Lalbaug
1821,Lower Parel 
1822,Mumbai Central
1823,Mahim 
1824,Mumbai Central
1825,Sangam Nagar
1826,Matunga 
1827,Mumbai Central
1828,Matunga 
1829,Wadala 
1830,Matunga
1831,Mazgaon
1832,Borivali  gorai sector 2
1833,nanabhai chawl mazg
1834,Grant Road
1835,Kataria Colony
1836,Ghodapdeo
1837,Wadala
1838,Mazgaon
1839,ern Railway Colony
1840,Kemps corner
1841,Sathe Nagar
1842,Bhawani Sankar
1843,Kamathi Wada
1844,Nariman Point
1845,Dadar 
1846,Dongri
1847,Sangam Nagar
1848,Dongri
1849,Dongri
1850,Dongri
1851,Mahim 
1852,Dadar 
1853,Nandkarni Park
1854,Dadar 
1855,Mahim 
1856,Dadar
1857,Badhwar Park
1858,Dongri
1859,Nandkarni Park
1860,Byculla
1861,Ganesh Murti Nagar
1862,Sewri 
1863,Masjid Bandar
1864,Mahim
1865,Mumbai Central
1866,Matunga 
1867,Parel
1868,Parel
1869,Parel
1870,Parel
1871,Parel
1872,Parel
1873,Matunga 
1874,Parel
1875,Parel
1876,Parel
1877,Parel
1878,Parel
1879,Mahalaxmi
1880,Mahalaxmi
1881,Mahalaxmi
1882,Mahalaxmi
1883,Mahalaxmi
1884,Mahalaxmi
1885,Mahalaxmi
1886,Parel
1887,Parel
1888,Parel
1889,Matunga 
1890,Parel
1891,Parel
1892,Matunga 
1893,Parel
1894,Matunga 
1895,Mumbra
1896,Sanjay Nagar
1897,Sanjay Nagar
1898,Sanjay Nagar
1899,Mumbra 
1900,Mumbra 
1901,Mumbra
1902,Mumbra
1903,Shailesh Nagar
1904,Mumbra
1905,Mumbra
1906,Mumbra
1907,Kausa
1908,Mumbra
1909,Mumbra
1910,Mumbra
1911,Mumbra
1912,Mumbra
1913,Mumbra
1914,Mumbra
1915,Mumbra
1916,Mumbra
1917,Mumbra
1918,Mumbra
1919,Mumbra
1920,Mumbra
1921,Mumbra
1922,Mumbra
1923,Mumbra
1924,Mumbra
1925,Mumbra
1926,Mumbra
1927,Mumbra
1928,Mumbra
1929,Mumbra
1930,Mumbra
1931,Mumbra
1932,Mumbra
1933,Mumbra
1934,Kalyan
1935,Chinchpada Gaon
1936,Beturkar Pada
1937,Katemanivali
1938,Tisgao Naka
1939,Adharwadi
1940,Chinchpada Gaon
1941,Chinchpada Gaon
1942,Katemanivali
1943,Pisavli
1944,Rajaram Nagar
1945,Kalyan 
1946,Kalyan 
1947,Kalyan 
1948,Kalyan 
1949,Vaity Wadi
1950,Kalyan 
1951,Kalyan 
1952,Rambaug
1953,Kalyan 
1954,Nandivali Gaon
1955,Ganesh Nagar
1956,Beturkar Pada
1957,Kalyan 
1958,Wadeghar
1959,Adharwadi
1960,Kalyan 
1961,Kalyan
1962,Kalyan
1963,Kalyan
1964,Kalyan
1965,Kalyan
1966,Kalyan
1967,Kalyan
1968,Kalyan
1969,Kalyan
1970,Kalyan
1971,Kalyan
1972,Kalyan
1973,Kalyan
1974,Kalyan
1975,Kalyan
1976,Kalyan
1977,Kalyan
1978,Kalyan
1979,Kalyan
1980,Kalyan
1981,Kalyan
1982,Kalyan
1983,Kalyan
1984,Kalyan
1985,Kalyan
1986,Kalyan
1987,Kalyan
1988,Kalyan
1989,Kalyan
1990,Kalyan
1991,Manda 
1992,Titwala
1993,Manda 
1994,Titwala
1995,Titwala
1996,Titwala
1997,Titwala
1998,Titwala
1999,Manda
2000,Manda
2001,Manda
2002,Titwala
2003,Titwala
2004,Titwala
2005,Sindhi Colony
2006,Bhatwadi
2007,Hallow Pul
2008,Bhandup 
2009,titwala
2010,IIT Area
2011,Pereira Wadi
2012,Vikhroli 
2013,Mulund
2014,Bhandup 
2015,Govandi
2016,Chembur
2017,Powai
2018,Mankhurd 
2019,Mandala
2020,Mankhurd
2021,Mankhurd
2022,Khalai Village
2023,Chembur
2024,Bhandup 
2025,Chembur 
2026,Chembur 
2027,Powai
2028,Chembur 
2029,Chembur
2030,Chembur
2031,Deonar
2032,Chembur 
2033,Chembur 
2034,Chembur 
2035,Chembur
2036,Deonar
2037,Chembur
2038,Chembur 
2039,Chembur
2040,Chembur
2041,Ghatkopar 
2042,Bhandup 
2043,Bhandup 
2044,Bhatwadi
2045,Bhandup 
2046,Mhada Colony
2047,Mhada Colony
2048,Mulund
2049,Bhandup 
2050,Ghatkopar 
2051,Chembur Camp
2052,Bhandup 
2053,Khindipada
2054,LBS Marg
2055,IIT Area
2056,Vishnu Nagar
2057,Mulund
2058,Kanjurmarg 
2059,Asalpha
2060,Asalpha
2061,Pratap Nagar
2062,Kanjurmarg 
2063,Govandi 
2064,Bhandup 
2065,Mulund
2066,Kirol Village
2067,Chembur Gaothan
2068,Subhash Nagar
2069,GuruTeg Bahadur Nagar
2070,Jambhulpada
2071,Bhandup 
2072,Bhandup 
2073,Tagore Nagar
2074,Moti Nagar
2075,Christian Gaon
2076,Ghatkopar 
2077,Trombay
2078,Asalpha
2079,Chembur 
2080,Powai
2081,Air Force Quarters
2082,Sardar Vallabhbhai Patel Nagar
2083,Kamgar Nagar
2084,Bhandup 
2085,Tembhipada
2086,Govandi 
2087,Mata Ramabai Ambedkar Nagar
2088,Govandi 
2089,Bhandup 
2090,Ghatkopar 
2091,Bhim Nagar
2092,Bhandup 
2093,Bhandup 
2094,Ghatkopar 
2095,Chembur 
2096,Chembur
2097,Chembur 
2098,Tembhipada
2099,Dharavi
2100,Chembur
2101,Damle Colony
2102,Mandala
2103,Nahur 
2104,Antop Hill
2105,Pratap Nagar
2106,Sion
2107,Chembur 
2108,Chembur Camp
2109,Mulund
2110,Ghatkopar 
2111,Kanjur Village
2112,Asalpha
2113,Adarsh Nagar
2114,Mulund
2115,Chembur
2116,Tulshetpada
2117,Tata Nagar
2118,Asha Nagar
2119,Khindipada
2120,Kamgar Nagar
2121,Ghatkopar 
2122,Govandi
2123,Kurla 
2124,Vikhroli Park Site
2125,Central Area
2126,Nahur 
2127,Hariyali
2128,Gaon Devi
2129,Tagore Nagar
2130,Chembur
2131,Bhandup 
2132,Mulund
2133,BS Ambedkar Nagar
2134,Christian Gaon
2135,GuruTeg Bahadur Nagar
2136,Deonar
2137,Chembur
2138,Sion
2139,Ganesh Nagar
2140,Keshav Pada
2141,Mhada Colony
2142,Bhatwadi
2143,Kurla 
2144,Laxmi Colony
2145,Chembur
2146,Govandi
2147,Govandi
2148,Kurla 
2149,Tagore Nagar
2150,Vikhroli Park Site
2151,Kamgar Nagar
2152,Tirandaz
2153,Ramabai Ambedkar Nagar
2154,Battipada
2155,Bhandup
2156,Ghatkopar 
2157,New Gautam Nagar
2158,Indira Nagar
2159,Indira Nagar
2160,LBS Marg
2161,Bhandup 
2162,Powai
2163,Chembur
2164,Antop Hill
2165,RP Nagar
2166,Panchkutir Ganesh Nagar
2167,Bhatwadi
2168,Kurla 
2169,Ghatkopar 
2170,Bhandup 
2171,Mulund
2172,Vikhroli 
2173,Powai
2174,Jamil Nagar
2175,Govandi 
2176,Chembur
2177,Tagore Nagar
2178,Ambernath
2179,Bhandup 
2180,Bhandup 
2181,Bhandup 
2182,Baiganwadi
2183,Mulund
2184,Chandivali
2185,Ghatkopar 
2186,Powai
2187,Vidyavihar
2188,Bhandup 
2189,Bhandup 
2190,Trombay
2191,Chirag Nagar
2192,Chirag Nagar
2193,Deonar Municipal Colony
2194,Mulund
2195,Chembur 
2196,Mulund
2197,Sion
2198,Mulund
2199,Vidyavihar 
2200,Bhandup 
2201,Mulund
2202,Mulund
2203,Panvel
2204,Adaigaon
2205,Adaigaon
2206,Belapur
2207,Sector 1A Kopar Khairane
2208,Sector 8B Belapur
2209,Sector 7 Airoli
2210,Sector 8B Belapur
2211,Sector 8 Kalamboli
2212,Sector 17 Nerul
2213,Sector 15 Vashi
2214,Sector 1 Kopar Khairane
2215,Sector 8B Belapur
2216,Sector 8B Belapur
2217,Nagaon
2218,Sector 29 Vashi
2219,Sector 6 Vashi
2220,Sector 15 Kopar Khairane
2221,Ulwe
2222,Sector 2 New Panvel
2223,Seawoods
2224,New Panvel 
2225,Karanjade
2226,Karanjade
2227,Sector 8 Airoli
2228,Sector 23 Ulwe
2229,Sector 8 Kopar Khairane
2230,Rabale
2231,Adai
2232,Sector 7 Kopar Khairane
2233,New Panvel 
2234,Adaigaon
2235,Old Panvel
2236,New Panvel
2237,Sector 2 CBD Belapur
2238,Kharghar
2239,Sector 6 Vashi
2240,Panvel
2241,Sector 6 Vashi
2242,Sector 6 Vashi
2243,Sector 20 Kharghar
2244,Sector 17 Nerul
2245,Panvel
2246,Sector 7 Vashi
2247,Sector 7 Vashi
2248,Old Panvel
2249,Sector 17 Nerul
2250,on demand
2251,Sector 7 Vashi
2252,Sector 18 Kopar Khairane
2253,Kopar Khairane
2254,Sector 12 New Panvel 
2255,Sector 6 New Panvel
2256,Panvel
2257,Panvel
2258,Belapur
2259,Palaspa
2260,Sector 12 New Panvel 
2261,New Panvel
2262,New Panvel
2263,Khalapur
2264,Belapur
2265,Sector 21 Nerul
2266,Sector 1 Kopar Khairane
2267,Sector 8B Belapur
2268,Sector 6 Vashi
2269,Sector 4 Ghansoli
2270,New Panvel
2271,Dronagiri
2272,Panvel
2273,Panvel
2274,New Panvel
2275,New Panvel
2276,Vashi
2277,Panvel
2278,Sector 17 Nerul
2279,Sector 6 Vashi
2280,Sector 15 Belapur
2281,JNPT Township
2282,Palaspe Phata
2283,Palaspa
2284,Khalapur
2285,Sector 16 Kopar Khairane
2286,Artist Village
2287,Sector 17 Nerul
2288,Sector 17 Kopar Khairane
2289,New Panvel
2290,Sector 21 Nerul
2291,Sector 17 Nerul
2292,Panvel
2293,Sector 6 Vashi
2294,New Panvel
2295,Sector 16 Airoli
2296,Khandeshhwar
2297,New Panvel
2298,Airoli
2299,Sector 8B Belapur
2300,Sector 25 Khandeshhwar
2301,Kharghar
2302,Belapur
2303,Sector 15 Kopar Khairane
2304,Cidco Colony
2305,Kopar Khairane
2306,Sector 5 Ghansoli
2307,Sector 30A Vashi
2308,Old Panvel
2309,Belapur
2310,Kalamboli
2311,Sector 21 New Panvel 
2312,Panvel
2313,Sector 12 Vashi
2314,Panvel
2315,Sector 14 Vashi
2316,Sector 3 New Panvel
2317,Sector 8 Airoli
2318,Sector 17 Kopar Khairane
2319,Sector 12 Kharghar
2320,Sector 6 New Panvel
2321,Block G Sector 12 Kharghar
2322,Sector 19A Nerul
2323,Vichumbe
2324,Sector 12
2325,Sector 2 Kopar Khairane
2326,Sector 21 Kharghar
2327,Sector 8A Belapur
2328,Khandeshhwar
2329,Sector 12 Kharghar
2330,New Panvel
2331,Sector 16 Nerul
2332,Sector 16 Nerul
2333,Old Panvel
2334,Sector 10 Sanpada
2335,Sector 7 Kopar Khairane
2336,Panvel
2337,Sector 16 Kalamboli
2338,Sector 18A Nerul
2339,Sector 12 New Panvel 
2340,Pushpak Nagar
2341,Rabale
2342,Sector 30 Kharghar
2343,Ghansoli
2344,Sector 12 Kharghar
2345,Sector 35 Kamothe
2346,Sector 12 New Panvel
2347,Sector 6 Kharghar
2348,Sector 12 Kharghar
2349,Rasayani
2350,Rabale
2351,Rabale
2352,Sector 2 Vashi
2353,Ulwe
2354,Panvel
2355,Sector 6 New Panvel
2356,Belapur
2357,Ulwe
2358,Pushpak Nagar
2359,New Panvel
2360,New Panvel
2361,Kharghar
2362,Kalamboli
2363,Ulwe
2364,Pushpak Nagar
2365,Panvel
2366,Taloja
2367,Sector 12 Kharghar
2368,Sector 4 Airoli
2369,Dhansar
2370,Panvel
2371,Ghansoli
2372,Artist Village
2373,Kharghar
2374,Sector 6 Vashi
2375,Sector 5 Kopar Khairane
2376,Kharghar
2377,Sector 44 Seawoods
2378,Panvel
2379,Kharghar
2380,Vashi
2381,Taloja
2382,Sector 12 Kharghar
2383,Nerul
2384,New Panvel
2385,Panvel
2386,Sector 2B Airoli
2387,Nerul
2388,Old Panvel
2389,Sector 1 Shiravane
2390,Sector 12 Kharghar
2391,Sector 7 Ghansoli
2392,Kegaon
2393,Khalapur
2394,Rasayani
2395,Panvel
2396,Nerul
2397,Shilphata
2398,Rasayani
2399,Sector 16 Ulwe
2400,Nagaon
2401,Sector 3 New Panvel
2402,Sector 3 New Panvel
2403,Sector 20 Kharghar
2404,Khalapur
2405,Sector 28 Vashi
2406,Panvel
2407,Kharghar
2408,Kharghar
2409,Sector 17 Kopar Khairane
2410,Gothivali Village
2411,Ulwe
2412,Sector 16 Vashi
2413,Ambedkar Nagar
2414,Sector 10 Sanpada
2415,Uran
2416,Savoli
2417,Savoli
2418,Nerul
2419,Kamothe
2420,Vashi
2421,Sector 12 Kharghar
2422,Block G Sector 12 Kharghar
2423,Sector 16 Vashi
2424,Vashi
2425,Rasayani
2426,Shilphata
2427,Shilphata
2428,Sector 12 Kharghar
2429,Khalapur
2430,Nerul
2431,Sector 21 Kamothe
2432,Sector 21 Nerul
2433,Thane Belapur Road
2434,Panvel
2435,Panvel
2436,Taloja Phase 1
2437,Ulwe
2438,Sector 9 Airoli
2439,Kharghar
2440,Khalapur
2441,Airoli
2442,Vashi
2443,Hallow Pul
2444,Christian Gaon
2445,Kamgar Nagar
2446,Kamgar Nagar
2447,Kurla 
2448,Christian Gaon
2449,Kurla 
2450,Kurla 
2451,Kamgar Nagar
2452,Kurla 
2453,Kurla
2454,Kurla
2455,Kurla
2456,Kurla
2457,Kurla
2458,Kurla
2459,Kurla
2460,Kurla
2461,Kurla
2462,Kurla
2463,Kurla
2464,Kurla
2465,Kurla
2466,Kurla
2467,Kurla 
2468,Kurla 
2469,Kurla 
2470,Jagruti Nagar
2471,Jagruti Nagar
2472,Kurla 
2473,Kurla 
2474,Kurla 
2475,Kurla 
2476,Kurla 
2477,Kurla 
2478,Kurla 
2479,Kurla 
2480,Kurla 
2481,Kurla 
2482,Kurla 
2483,Kataria Colony
2484,Dadar 
2485,Dadar 
2486,Bhawani Sankar
2487,Dadar
2488,Dadar 
2489,Dadar 
2490,Dadar 
2491,Dadar
2492,Dadar
2493,Dadar
2494,Dadar
2495,Dadar 
2496,Dadar 
2497,Dadar 
2498,Dadar 
2499,Dadar
2500,Dadar 
2501,Dadar 
2502,Parel
2503,Parel
2504,Dadar 
2505,Dadar 
2506,Dadar 
2507,Dadar 
2508,Dadar 
2509,Dadar 
2510,Dadar 
2511,Dadar 
2512,Dadar 
2513,Dadar 
2514,Dadar 
2515,Dadar 
2516,Dadar 
