locality,latitude,longitude,display_name,class,type,query_used
Adai,19.0053004,73.1233424,"Adai lake, New Panvel, Panvel, Panvel Subdistrict, Raigad, Maharashtra, India",,lake,"Adai, Maharashtra, India"
Adaigaon,,,,,,
Adarsh Nagar,19.1421134,72.8345595,"Adarsh Nagar, Jogeshwari West, K/W Ward, Mumbai Zone 3, Mumbai, Mumbai Suburban District, Maharashtra, India",,residential,"Adarsh Nagar, Maharashtra, India"
Adharwadi,20.4844919,75.4606676,"Adharwadi, Sillod, Chhatrapati Sambhajinagar District, Maharashtra, India",,village,"Adharwadi, Maharashtra, India"
Agripada,18.9750400,72.8250555,"Agripada, Byculla West, E Ward, Mumbai Zone 1, Mumbai City District, Maharashtra, 400004, India",,neighbourhood,"Agripada, Maharashtra, India"
Air Force Quarters,19.0420886,72.8660780,"Air Force Quarters, Sion East, F/N Ward, Mumbai Zone 2, Mumbai City District, Maharashtra, India",,residential,"Air Force Quarters, Maharashtra, India"
Airoli,19.1585147,72.9994019,"Airoli, Airoli Station Road, Airoli Sector 2, Airoli, Navi Mumbai, Thane Subdistrict, Thane, Maharashtra, 400708, India",,station,"Airoli, Maharashtra, India"
Ambedkar Nagar,19.0015921,72.8442272,"Ambedkar Nagar, Acharya Donde Marg, Parmanand Wadi, Parel, F/S Ward, Mumbai Zone 2, Mumbai City District, Maharashtra, 400015, India",,station,"Ambedkar Nagar, Maharashtra, India"
Ambernath,19.2015607,73.2004771,"Ambernath, Ulhasnagar Subdistrict, Thane, Maharashtra, India",,administrative,"Ambernath, Maharashtra, India"
Antop Hill,19.0301805,72.8669504,"Antop Hill, M Ambedkar Marg, CGS Colony, Indira Nagar, F/N Ward, Mumbai Zone 2, Mumbai City District, Maharashtra, 400037, India",,station,"Antop Hill, Maharashtra, India"
Artist Village,19.0190244,73.0390629,"CBD Belapur, Sakal Bhavan Marg, Sector 11, Belapur West, Navi Mumbai, Thane Subdistrict, Thane, Maharashtra, 400614, India",,train_station,CBD Belapur Navi Mumbai Maharashtra India
Asalpha,19.0970000,72.8945000,"Asalpha, L Ward, Mumbai Zone 5, Mumbai, Mumbai Suburban District, Maharashtra, 400072, India",,suburb,"Asalpha, Maharashtra, India"
Asha Nagar,19.2117164,72.8646991,"Dhruv Apartments, Asha Nagar, Asha Nagar Road, Thakur Complex, Kandivali East, R/S Ward, Mumbai Zone 4, Mumbai, Mumbai Suburban District, Maharashtra, 400101, India",,apartments,"Asha Nagar, Maharashtra, India"
BS Ambedkar Nagar,19.0009114,72.8493704,"Ambedkar Nagar, Sewri, F/S Ward, Mumbai Zone 2, Mumbai City District, Maharashtra, India",,residential,"BS Ambedkar Nagar, Maharashtra, India"
Badhwar Park,18.9190415,72.8264976,"Badhwar Park Railway Officer's Residences, Colaba, A Ward, Mumbai Zone 1, Mumbai City District, Maharashtra, India",,residential,"Badhwar Park, Maharashtra, India"
Baiganwadi,19.0618979,72.9249694,"Baiganwadi, Plot No.11, Shivaji Nagar, M/E Ward, Mumbai Zone 5, Mumbai, Mumbai Suburban District, Maharashtra, 400043, India",,residential,"Baiganwadi, Maharashtra, India"
Bail Bajar,17.2718656,74.1851894,"Cattle Markant Bail Bazar, Bailbajar Bajar Raod, Sai Nagar, Karad, Satara, Maharashtra, 415100, India",,supermarket,"Bail Bajar, Maharashtra, India"
Battipada,,,,,,
Belapur,19.6197639,74.6599008,"Belapur, SH44, Shrirampur, Ahilyanagar District, Maharashtra, 413700, India",,station,"Belapur, Maharashtra, India"
Beturkar Pada,19.2468874,73.1268524,"Mohindar Singh Kabal Singh English High School;Junior & Degree College, Mohindar Singh Kabal Singh Rd, near Suchak Petrol Pump, Swanand Nagar, Beturkar Pada, Kalyan, Maharashtra 421301, Agra Road, shivaji chowk, Kalyan, Dombivli, Kalyan-Dombivli, Kalyan Subdistrict, Thane, Maharashtra, 421301, India",,school,"Beturkar Pada, Maharashtra, India"
Bhandup,19.1427570,72.9376543,"Bhandup, Bhandup Station Road, Bhandup West, S Ward, Mumbai Zone 6, Mumbai, Mumbai Suburban District, Maharashtra, 400078, India",,station,"Bhandup, Maharashtra, India"
Bhatwadi,17.0271193,74.1417503,"Bhatwadi, Shirala, Sangli District, Maharashtra, 415408, India",,village,"Bhatwadi, Maharashtra, India"
Bhawani Sankar,19.0145268,72.8359611,"Bhawani Shankar Marg, Dadar West, G/N Ward, Mumbai Zone 2, Mumbai City District, Maharashtra, 400028, India",,secondary,Bhawani Shankar Dadar Maharashtra India
Bhim Nagar,21.1102108,79.0805583,"Bhim Nagar, Nagpur, Nagpur Urban Taluka, Nagpur, Maharashtra, 440015, India",,neighbourhood,"Bhim Nagar, Maharashtra, India"
Block G Sector 12 Kharghar,19.0446111,73.0644537,"Dnyeshwari bldg, Sector 12, Raintree Marg, Owe Camp, Kharghar, Panvel, Panvel Subdistrict, Raigad, Maharashtra, 410210, India",,yes,Sector 12 Kharghar Navi Mumbai Maharashtra India
Borivali  gorai sector 2,19.2331431,72.8247534,"Gorai Borivali Road;Lokmanya Tilak Road, Gorai, R/C Ward, Mumbai Zone 4, Mumbai Suburban District, Maharashtra, 900092, India",,tertiary,"Borivali  gorai sector 2, Maharashtra, India"
Byculla,18.9766219,72.8327936,"Byculla, N M Joshi Marg, Byculla West, E Ward, Mumbai Zone 1, Mumbai City District, Maharashtra, 400027, India",,station,"Byculla, Maharashtra, India"
Central Area,18.9695855,72.8193152,"Mumbai Central, J Boman Behram Marg, Cowasji Jehangir Colony, Tulsi Wadi, D Ward, Mumbai Zone 1, Mumbai City District, Maharashtra, 400004, India",,station,Mumbai Central Mumbai Maharashtra India
Chandivali,19.1091482,72.8945793,"Chandivali, L Ward, Mumbai Zone 5, Mumbai, Mumbai Suburban District, Maharashtra, 400072, India",,suburb,"Chandivali, Maharashtra, India"
Chembur,19.0548180,72.8979713,"Chembur, M/W Ward, Mumbai Zone 5, Mumbai, Mumbai Suburban District, Maharashtra, 400089, India",,suburb,"Chembur, Maharashtra, India"
Chembur Camp,,,,,,
Chembur Gaothan,19.0579376,72.8968948,"Chembur Gaothan, Chembur, M/W Ward, Mumbai Zone 5, Mumbai, Mumbai Suburban District, Maharashtra, 400089, India",,neighbourhood,"Chembur Gaothan, Maharashtra, India"
Chinchpada Gaon,19.2222178,73.1401912,"Chinchpada Road, Kalyan, Kalyan-Dombivli, Kalyan Subdistrict, Thane, Maharashtra, 421306, India",,tertiary,Chinchpada Kalyan Maharashtra India
Chirag Nagar,19.0878678,72.9010736,"Chirag Nagar Police Colony, Ghatkopar West, N Ward, Mumbai Zone 6, Mumbai, Mumbai Suburban District, Maharashtra, India",,residential,"Chirag Nagar, Maharashtra, India"
Christian Gaon,,,,,,
Cidco Colony,19.0789760,73.0758488,"CIDCO Colony, Taloja, Panvel, Panvel Subdistrict, Raigad, Maharashtra, India",,residential,"Cidco Colony, Maharashtra, India"
Dadar,19.0192269,72.8428479,"Dadar, Ranade Road Extension, Dadar West, G/N Ward, Mumbai Zone 2, Mumbai City District, Maharashtra, 400028, India",,station,"Dadar, Maharashtra, India"
Damle Colony,18.5149237,73.8268604,"V. G. Damle Path, Ex-Servicemen Colony, Erandwane, Anandnagar, Pune City Subdistrict, Pune District, Maharashtra, 411001, India",,residential,"Damle Colony, Maharashtra, India"
Deonar,19.0475502,72.9051895,"Deonar, M/W Ward, Mumbai Zone 5, Mumbai, Mumbai Suburban District, Maharashtra, 400089, India",,suburb,"Deonar, Maharashtra, India"
Deonar Municipal Colony,19.0536503,72.9240918,"Deonar Colony, Govandi East, M/E Ward, Mumbai Zone 5, Mumbai, Mumbai Suburban District, Maharashtra, 400088, India",,neighbourhood,Deonar Colony Mumbai Maharashtra India
Dhansar,,,,,,
Dharavi,19.0444630,72.8586177,"Dharavi, Mumbai Zone 2, Mumbai City District, Maharashtra, India",,administrative,"Dharavi, Maharashtra, India"
Dongri,18.9622265,72.8367950,"Dongri, B Ward, Mumbai Zone 1, Mumbai City District, Maharashtra, 200008, India",,suburb,"Dongri, Maharashtra, India"
Dronagiri,18.8813327,72.9647315,"Dronagiri, Panvel Uran Road, Bokadvira, Uran Subdistrict, Raigad, Maharashtra, 400707, India",,station,"Dronagiri, Maharashtra, India"
Ganesh Murti Nagar,,,,,,
Ganesh Nagar,18.5927116,73.8625967,"Ganesh Nagar, Pimpri-Chinchwad, Haveli Subdistrict, Pune District, Maharashtra, 411031, India",,suburb,"Ganesh Nagar, Maharashtra, India"
Gangawadi,19.3237386,75.9024811,"Gangawadi, Georai, Beed District, Maharashtra, India",,village,"Gangawadi, Maharashtra, India"
Gaon Devi,19.0375567,73.0140985,"gaon devi mandir, Nerul West, Navi Mumbai, Thane Subdistrict, Thane, Maharashtra, India",,recreation_ground,"Gaon Devi, Maharashtra, India"
Garodia Nagar,19.0741334,72.9085221,"Garodia Nagar, Vidya Vihar East, N Ward, Mumbai Zone 6, Mumbai, Mumbai Suburban District, Maharashtra, 400077, India",,neighbourhood,"Garodia Nagar, Maharashtra, India"
Ghansoli,19.1163797,73.0069928,"Ghansoli, Ghansoli Station Road, Sector 6, Ghansoli, Navi Mumbai, Thane Subdistrict, Thane, Maharashtra, 400701, India",,station,"Ghansoli, Maharashtra, India"
Ghatkopar,19.0856928,72.9083668,"Ghatkopar, Station Road, Kapol Wadi, Ghatkopar East, N Ward, Mumbai Zone 6, Mumbai, Mumbai Suburban District, Maharashtra, 400086, India",,station,"Ghatkopar, Maharashtra, India"
Ghatla,19.0517387,72.9103117,"Ghatla, Waman Tukaram Patil Marg, Nagesh Patil Wadi, Deonar, M/W Ward, Mumbai Zone 5, Mumbai, Mumbai Suburban District, Maharashtra, 400088, India",,hotel,"Ghatla, Maharashtra, India"
Ghodapdeo,18.9820061,72.8392802,"Ghodapdeo, Byculla East, E Ward, Mumbai Zone 1, Mumbai City District, Maharashtra, India",,neighbourhood,"Ghodapdeo, Maharashtra, India"
Girgaon,18.9543165,72.8179082,"Girgaon, D Ward, Mumbai Zone 1, Mumbai City District, Maharashtra, 400004, India",,suburb,"Girgaon, Maharashtra, India"
Gothivali Village,19.1388528,72.9989393,"Gothivali Village, MIDC - Rabale, Navi Mumbai, Thane Subdistrict, Thane, Maharashtra, 410701, India",,neighbourhood,"Gothivali Village, Maharashtra, India"
Govandi,19.0553688,72.9150702,"Govandi, B S Devashi Marg, Samrat Ashok Nagar, Govandi West, M/E Ward, Mumbai Zone 5, Mumbai, Mumbai Suburban District, Maharashtra, 400043, India",,station,"Govandi, Maharashtra, India"
Govind Nagar,19.9833412,73.7793088,"Govind Nagar, Nashik, Nashik Subdistrict, Nashik District, Maharashtra, 422001, India",,suburb,"Govind Nagar, Maharashtra, India"
Grant Road,18.9633549,72.8158261,"Grant Road, N Bharucha Marg, Gamdevi, D Ward, Mumbai Zone 1, Mumbai City District, Maharashtra, 400036, India",,station,"Grant Road, Maharashtra, India"
GuruTeg Bahadur Nagar,19.0380048,72.8643455,"Guru Tegh Bahadur Nagar, M Ambedkar Marg, Agarwada Colony, Indira Nagar, F/N Ward, Mumbai Zone 2, Mumbai City District, Maharashtra, 400022, India",,station,Guru Tegh Bahadur Nagar Mumbai Maharashtra India
Hallow Pul,19.0757274,72.8799569,"Hallow Pul, Kurla West, L Ward, Mumbai Zone 5, Mumbai, Mumbai Suburban District, Maharashtra, 400070, India",,neighbourhood,"Hallow Pul, Maharashtra, India"
Hariyali,19.1136865,72.9297750,"Hariyali, Vikhroli West, S Ward, Mumbai Zone 6, Mumbai, Mumbai Suburban District, Maharashtra, 400083, India",,neighbourhood,"Hariyali, Maharashtra, India"
Hira Nagar,19.1618156,72.9462889,"Hira Nagar, Mulund West, T Ward, Mumbai Zone 6, Mumbai, Mumbai Suburban District, Maharashtra, 400080, India",,neighbourhood,"Hira Nagar, Maharashtra, India"
IIT Area,19.1326186,72.9149702,"Indian Institute of Technology Bombay, Powai, S Ward, Mumbai Zone 6, Mumbai, Mumbai Suburban District, Maharashtra, 400076, India",,university,IIT Bombay Powai Mumbai Maharashtra India
Indira Nagar,19.0360520,72.8635501,"Indira Nagar, F/N Ward, Mumbai Zone 2, Mumbai City District, Maharashtra, 400022, India",,suburb,"Indira Nagar, Maharashtra, India"
JNPT Township,18.9020880,72.9788691,"JNPT Township, Uran Subdistrict, Raigad, Maharashtra, 400707, India",,residential,"JNPT Township, Maharashtra, India"
Jagruti Nagar,19.0925442,72.9019518,"Jagruti Nagar, Sant Narsee Mehta Marg, Azad Nagar, Ghatkopar West, N Ward, Mumbai Zone 6, Mumbai, Mumbai Suburban District, Maharashtra, 400086, India",,station,"Jagruti Nagar, Maharashtra, India"
Jambhulpada,18.6519741,73.2964623,"Jambhulpada, Sudhagad Taluka, Raigad, Maharashtra, India",,village,"Jambhulpada, Maharashtra, India"
Jamil Nagar,19.1433206,72.9251908,"Jamil Nagar, Bhandup West, S Ward, Mumbai Zone 6, Mumbai, Mumbai Suburban District, Maharashtra, 400078, India",,neighbourhood,"Jamil Nagar, Maharashtra, India"
Jaydev Singh Nagar,,,,,,
Kalamboli,19.0344708,73.1149672,"Kalamboli, Steel Market Road, Kalamboli, Panvel, Panvel Subdistrict, Raigad, Maharashtra, 410218, India",,station,"Kalamboli, Maharashtra, India"
Kalyan,19.2396742,73.1366482,"Kalyan, Ambivali, Kalyan-Dombivli, Kalyan Subdistrict, Thane, Maharashtra, India",,suburb,"Kalyan, Maharashtra, India"
Kamathi Wada,18.9650659,72.8261833,"Kamathipura, Nagpada, E Ward, Mumbai Zone 1, Mumbai City District, Maharashtra, 400004, India",,neighbourhood,Kamathipura Mumbai Maharashtra India
Kamgar Nagar,19.0102201,72.8274009,"Kamgar Nagar, Prabhadevi, G/S Ward, Mumbai Zone 2, Mumbai City District, Maharashtra, 400025, India",,neighbourhood,"Kamgar Nagar, Maharashtra, India"
Kamothe,19.0164338,73.0806552,"Mansarovar, Mansarovar Station Road, Jui, Navi Mumbai, Panvel Subdistrict, Raigad, Maharashtra, 410209, India",,station,"Kamothe, Maharashtra, India"
Kanjur Village,19.1336970,72.9381936,"Kanjur Village, Bhandup East, S Ward, Mumbai Zone 6, Mumbai, Mumbai Suburban District, Maharashtra, 400042, India",,neighbourhood,"Kanjur Village, Maharashtra, India"
Kanjurmarg,19.1241020,72.9385562,"Kanjurmarg Flyover, Tagore Nagar, Vikhroli East, S Ward, Mumbai Zone 6, Mumbai, Mumbai Suburban District, Maharashtra, 400042, India",,trunk,"Kanjurmarg, Maharashtra, India"
Kanjurmarg west,19.1321171,72.9273332,"Dockyard kanjurmarg St, Lal Bahadur Shastri Marg, Kanjur West, S Ward, Mumbai Zone 6, Mumbai, Mumbai Suburban District, Maharashtra, 400042, India",,bus_stop,"Kanjurmarg west, Maharashtra, India"
Kannamwar Nagar 1,19.1168383,72.9401198,"Kannamwar Nagar II, Vikhroli East, S Ward, Mumbai Zone 6, Mumbai, Mumbai Suburban District, Maharashtra, 400083, India",,neighbourhood,"Kannamwar Nagar 1, Maharashtra, India"
Kannamwar Nagar 2,19.1168383,72.9401198,"Kannamwar Nagar II, Vikhroli East, S Ward, Mumbai Zone 6, Mumbai, Mumbai Suburban District, Maharashtra, 400083, India",,neighbourhood,"Kannamwar Nagar 2, Maharashtra, India"
Karanjade,,,,,,
Kataria Colony,19.0306569,72.8485194,"Takandas H. Kataria Marg, Telephone Colony, Matunga West, G/N Ward, Mumbai Zone 2, Mumbai City District, Maharashtra, 400016, India",,secondary,"Kataria Colony, Maharashtra, India"
Katemanivali,19.2289657,73.1438554,"Katemanivali Road, Kalyan, Kalyan-Dombivli, Kalyan Subdistrict, Thane, Maharashtra, 421003, India",,secondary,"Katemanivali, Maharashtra, India"
Kausa,19.1837247,73.0194696,"Mumbra-Kausa Bypass, Mumbra, Reti Bandar, Thane, Thane Subdistrict, Thane, Maharashtra, 400708, India",,trunk,"Kausa, Maharashtra, India"
Kegaon,17.7165509,75.8492555,"Kegaon, Solapur North, Solapur District, Maharashtra, 413255, India",,village,"Kegaon, Maharashtra, India"
Kemps corner,18.9637535,72.8068617,"Kemps Corner, Cumballa Hill, D Ward, Mumbai Zone 1, Mumbai City District, Maharashtra, 400036, India",,locality,"Kemps corner, Maharashtra, India"
Keshav Pada,19.1717774,72.9463808,"Keshav Pada, Mulund West, T Ward, Mumbai Zone 6, Mumbai, Mumbai Suburban District, Maharashtra, 400080, India",,neighbourhood,"Keshav Pada, Maharashtra, India"
Khalai Village,,,,,,
Khalapur,18.8321669,73.2852464,"Khalapur, Khalapur Taluka, Raigad, Maharashtra, 410202, India",,village,"Khalapur, Maharashtra, India"
Khanda Colony,19.0062716,73.1077566,"Khanda Colony, Flyover, New Panvel, Panvel, Panvel Subdistrict, Raigad, Maharashtra, 401206, India",,bus_stop,"Khanda Colony, Maharashtra, India"
Khandeshhwar,19.0073498,73.0952827,"Khandeshwar, Khandeshwar Station Road, Navi Mumbai, Panvel Subdistrict, Raigad, Maharashtra, 410206, India",,station,Khandeshwar Navi Mumbai Maharashtra India
Kharghar,19.0525298,73.0735111,"Kharghar, Panvel, Panvel Subdistrict, Raigad, Maharashtra, 420210, India",,suburb,"Kharghar, Maharashtra, India"
Khindipada,19.1650350,72.9304173,"Khindipada, Nahur, S Ward, Mumbai Zone 6, Mumbai, Mumbai Suburban District, Maharashtra, 400082, India",,neighbourhood,"Khindipada, Maharashtra, India"
Kirol Village,19.0816423,72.8970712,"KIROL VILLAGE, Vidya Vihar West, N Ward, Mumbai Zone 6, Mumbai, Mumbai Suburban District, Maharashtra, 400086, India",,residential,"Kirol Village, Maharashtra, India"
Kopar Khairane,19.1056227,72.9988648,"Kopar Khairane Village, Kopar Khairne, Navi Mumbai, Thane Subdistrict, Thane, Maharashtra, 400709, India",,locality,"Kopar Khairane, Maharashtra, India"
Krishna Nagar,17.6881858,74.0260700,"Krishna Nagar, Satara, Maharashtra, 415002, India",,neighbourhood,"Krishna Nagar, Maharashtra, India"
Kurla,19.0652797,72.8793805,"Kurla, S G Barve Marg, Brahmanwadi, Kurla West, L Ward, Mumbai Zone 5, Mumbai, Mumbai Suburban District, Maharashtra, 400024, India",,station,"Kurla, Maharashtra, India"
LBS Marg,19.0816540,72.8816381,"Lal Bahadur Shastri Marg, Hallow Pul, Kurla West, L Ward, Mumbai Zone 5, Mumbai, Mumbai Suburban District, Maharashtra, 400070, India",,primary,"LBS Marg, Maharashtra, India"
Lalbaug,18.9914237,72.8364587,"Lalbaug, F/S Ward, Mumbai Zone 2, Mumbai City District, Maharashtra, 400011, India",,suburb,"Lalbaug, Maharashtra, India"
Laxmi Colony,19.0919482,72.9169798,"H 1-C, H 1-C, Triveni Co-operative Housing Society, MHADA colony, Laxmi Nagar, Ghatkopar - E, Rajaram Bane Marg, Laxmi Nagar, Ghatkopar, N Ward, Mumbai Zone 6, Mumbai, Mumbai Suburban District, Maharashtra, 400075, India",,apartments,"Laxmi Colony, Maharashtra, India"
Lok Milan Colony,,,,,,
Lower Parel,18.9956800,72.8302756,"Lower Parel, Delisle Road ROB, BDD Chawl, Lower Parel, G/S Ward, Mumbai Zone 2, Mumbai City District, Maharashtra, 400013, India",,station,"Lower Parel, Maharashtra, India"
Mahalaxmi,18.9825203,72.8242196,"Mahalaxmi, Mahalakshmi Station Flyover, Dhobi Ghat, Mahalakshmi, G/S Ward, Mumbai Zone 2, Mumbai City District, Maharashtra, 400027, India",,station,"Mahalaxmi, Maharashtra, India"
Mahim,19.0423145,72.8398344,"Mahim, G/N Ward, Mumbai Zone 2, Mumbai City District, Maharashtra, 400016, India",,suburb,"Mahim, Maharashtra, India"
Manda,20.0016003,79.5911890,"Manda Tukam, Tolewahi, Mul Taluka, Chandrapur, Maharashtra, India",,hamlet,"Manda, Maharashtra, India"
Mandala,20.8522860,76.9117427,"Mandala, Akola, Akola District, Maharashtra, India",,administrative,"Mandala, Maharashtra, India"
Maneklal Estate,,,,,,
Mankhurd,19.0482086,72.9317136,"Mankhurd, Mankhurd Station Road, Mankhurd Village, Mankhurd, M/E Ward, Mumbai Zone 5, Mumbai, Mumbai Suburban District, Maharashtra, 400094, India",,station,"Mankhurd, Maharashtra, India"
Masjid Bandar,18.9533897,72.8391555,"Lower Masjid Bandar Road, Dana Bandar, Masjid Bunder, B Ward, Mumbai Zone 1, Mumbai City District, Maharashtra, 400009, India",,unclassified,"Masjid Bandar, Maharashtra, India"
Mata Ramabai Ambedkar Nagar,19.0762815,72.9177733,"Ramabai Ambedkar Nagar, Nalanda Nagar, Ghatkopar, N Ward, Mumbai Zone 6, Mumbai, Mumbai Suburban District, Maharashtra, 400075, India",,locality,Ramabai Ambedkar Nagar Ghatkopar Mumbai Maharashtra India
Matunga,19.0274356,72.8501467,"Matunga, Bhandarkar Road, Matunga East, F/N Ward, Mumbai Zone 2, Mumbai City District, Maharashtra, 400019, India",,station,"Matunga, Maharashtra, India"
Mazgaon,18.9697337,72.8406201,"Mazgaon, E Ward, Mumbai Zone 1, Mumbai City District, Maharashtra, 200008, India",,suburb,"Mazgaon, Maharashtra, India"
Mhada Colony,20.2511706,75.7665521,"Mhada Colony, Bhokardan, Jalna District, Maharashtra, 431114, India",,suburb,"Mhada Colony, Maharashtra, India"
Moti Nagar,19.3051318,72.8485201,"Moti Nagar Road, Bhayander West, Murdha, Mira-Bhayander, Thane Subdistrict, Thane, Maharashtra, 401101, India",,residential,"Moti Nagar, Maharashtra, India"
Mulund,19.1721366,72.9566971,"Mulund, Platform 4, Vijay Nagar, Mulund East, T Ward, Mumbai Zone 6, Mumbai, Mumbai Suburban District, Maharashtra, 400081, India",,station,"Mulund, Maharashtra, India"
Mumbai Central,18.9695855,72.8193152,"Mumbai Central, J Boman Behram Marg, Cowasji Jehangir Colony, Tulsi Wadi, D Ward, Mumbai Zone 1, Mumbai City District, Maharashtra, 400004, India",,station,"Mumbai Central, Maharashtra, India"
Mumbra,19.1899425,73.0230752,"Mumbra, Mumbra Flyover, Mumbra, Reti Bandar, Thane, Thane Subdistrict, Thane, Maharashtra, 400612, India",,station,"Mumbra, Maharashtra, India"
Nagaon,16.9863832,74.6306527,"Nagaon, Tasgaon, Sangli District, Maharashtra, 416307, India",,village,"Nagaon, Maharashtra, India"
Nagpada,18.9681782,72.8286009,"Nagpada, E Ward, Mumbai Zone 1, Mumbai City District, Maharashtra, 400004, India",,suburb,"Nagpada, Maharashtra, India"
Nahar Amrit Shakti,19.1049242,72.8985884,"Nahar Amrit Shakti, Chandivali, L Ward, Mumbai Zone 5, Mumbai, Mumbai Suburban District, Maharashtra, India",,residential,"Nahar Amrit Shakti, Maharashtra, India"
Nahur,19.1546402,72.9466525,"Nahur, M D Keni Road, RCF Colony, Nahur, S Ward, Mumbai Zone 6, Mumbai, Mumbai Suburban District, Maharashtra, 400078, India",,station,"Nahur, Maharashtra, India"
Nandivali Gaon,19.1981479,73.0848216,"Cross Nandivali Road, Sagaon, Dombivli, Kalyan-Dombivli, Kalyan Subdistrict, Thane, Maharashtra, 421203, India",,residential,Nandivali Dombivli Maharashtra India
Nandkarni Park,19.0173569,72.8634317,"Nadkarni Park, Antop Hill, F/N Ward, Mumbai Zone 2, Mumbai City District, Maharashtra, 400031, India",,neighbourhood,Nadkarni Park Wadala Mumbai Maharashtra India
Nariman Point,18.9270890,72.8235859,"Nariman Point, Colaba, A Ward, Mumbai Zone 1, Mumbai City District, Maharashtra, 400021, India",,neighbourhood,"Nariman Point, Maharashtra, India"
Navada Colony,19.0538460,73.1030296,"Navade Road, MIDC Road Flyover, MIDC Taloja, Panvel, Panvel Subdistrict, Raigad, Maharashtra, 401218, India",,halt,Navade Panvel Maharashtra India
Neelam Nagar,19.1745887,72.9651296,"Neelam Nagar, Mulund East, T Ward, Mumbai Zone 6, Mumbai, Mumbai Suburban District, Maharashtra, 400081, India",,neighbourhood,"Neelam Nagar, Maharashtra, India"
Nehru Nagar,19.0010485,72.8194265,"Nehru Nagar, G/S Ward, Mumbai Zone 2, Mumbai City District, Maharashtra, 400018, India",,suburb,"Nehru Nagar, Maharashtra, India"
"Nehru Nagar,Kurla",19.0610000,72.8810000,"Nehru Nagar, Kurla East, L Ward, Mumbai Zone 5, Mumbai, Mumbai Suburban District, Maharashtra, 400024, India",,neighbourhood,"Nehru Nagar,Kurla, Maharashtra, India"
Nerul,19.0335938,73.0181640,"Nerul, Mata Amritanandamayi Marg, Nerul Village, Nerul West, Navi Mumbai, Thane Subdistrict, Thane, Maharashtra, 400706, India",,station,"Nerul, Maharashtra, India"
New Gautam Nagar,19.0602622,72.9154444,"New Gautam Nagar, Govandi East, M/E Ward, Mumbai Zone 5, Mumbai, Mumbai Suburban District, Maharashtra, 400044, India",,neighbourhood,"New Gautam Nagar, Maharashtra, India"
New Panvel,18.9993761,73.1239899,"New Panvel, Panvel, Panvel Subdistrict, Raigad, Maharashtra, 410206, India",,suburb,"New Panvel, Maharashtra, India"
New Rajaram Wadi,,,,,,
Old Panvel,18.9876767,73.1112492,"Old Panvel Bhaji Market, New Panvel, Panvel, Panvel Subdistrict, Raigad, Maharashtra, 410200, India",,tertiary,"Old Panvel, Maharashtra, India"
Palaspa,18.9602915,73.1309637,"Palaspa Bus Stand, NH66, Panvel Subdistrict, Raigad, Maharashtra, 410221, India",,bus_stop,"Palaspa, Maharashtra, India"
Palaspe Phata,18.9704929,73.1324019,"Palaspe Phata Bus Stand, NH48, Panvel Subdistrict, Raigad, Maharashtra, 410221, India",,bus_stop,"Palaspe Phata, Maharashtra, India"
Panchkutir Ganesh Nagar,,,,,,
Pant Nagar,19.0833305,72.9115042,"Pant Nagar, Ghatkopar East, N Ward, Mumbai Zone 6, Mumbai, Mumbai Suburban District, Maharashtra, 400075, India",,neighbourhood,"Pant Nagar, Maharashtra, India"
Panvel,18.9895249,73.1221935,"Panvel, Panvel Subdistrict, Raigad, Maharashtra, India",,administrative,"Panvel, Maharashtra, India"
Parel,19.0084268,72.8425050,"Parel, F/S Ward, Mumbai Zone 2, Mumbai City District, Maharashtra, 400028, India",,suburb,"Parel, Maharashtra, India"
Pereira Wadi,19.0894168,72.8833921,"Pereira Wadi, Jarimari, Asalpha, L Ward, Mumbai Zone 5, Mumbai, Mumbai Suburban District, Maharashtra, 400070, India",,locality,"Pereira Wadi, Maharashtra, India"
Pestom Sagar Colony,19.0692541,72.9019227,"Pestom Sagar Colony, Chheda Nagar, M/W Ward, Mumbai Zone 5, Mumbai, Mumbai Suburban District, Maharashtra, 400012, India",,neighbourhood,"Pestom Sagar Colony, Maharashtra, India"
Pirojshanagar,19.1016734,72.9236504,"Pirojsha Godrej Nagar, N Ward, Mumbai Zone 6, Mumbai, Mumbai Suburban District, Maharashtra, 400079, India",,suburb,"Pirojshanagar, Maharashtra, India"
Pisavli,,,,,,
Postal Colony,19.0607418,72.8949685,"Postal Colony, Chembur, M/W Ward, Mumbai Zone 5, Mumbai, Mumbai Suburban District, Maharashtra, 400089, India",,neighbourhood,"Postal Colony, Maharashtra, India"
Powai,19.1187195,72.9073476,"Powai, S Ward, Mumbai Zone 6, Mumbai, Mumbai Suburban District, Maharashtra, 400076, India",,suburb,"Powai, Maharashtra, India"
Pratap Nagar,18.8131139,76.8878174,"Pratap Nagar, Ahmadpur, Latur District, Maharashtra, India",,village,"Pratap Nagar, Maharashtra, India"
Pushpak Nagar,17.8910705,73.7891047,"ulwe, 123, Satara, Jaoli, Satara, Maharashtra, 400706, India",,village,"Pushpak Nagar, Maharashtra, India"
RCF Colony Chembur,19.0415311,72.9019065,"Loreto Convent School, RCF colony,chembur, TEC Niwas Sthan Road, BP Colony, Fertilizer Colony, M/E Ward, Mumbai Zone 5, Mumbai, Mumbai Suburban District, Maharashtra, 400074, India",,yes,"RCF Colony Chembur, Maharashtra, India"
RP Nagar,18.5605448,73.9528977,"RP Nagar Road, Kharadi, Wagholi, Pune City Subdistrict, Pune District, Maharashtra, 411023, India",,residential,"RP Nagar, Maharashtra, India"
RTO Colony,19.1325056,72.8307797,"RTO Road, Bhudargarh Colony, Dadabhai Naoroji Nagar, K/W Ward, Mumbai Zone 3, Mumbai, Mumbai Suburban District, Maharashtra, 402205, India",,tertiary,"RTO Colony, Maharashtra, India"
Rabale,19.1366355,73.0027824,"Rabale, Rabale Station Road, Sector 26, MIDC - Rabale, Navi Mumbai, Thane Subdistrict, Thane, Maharashtra, 400701, India",,station,"Rabale, Maharashtra, India"
Raheja Vihar,19.1191663,72.8951234,"Raheja Vihar Circular Road, Chandivali, L Ward, Mumbai Zone 5, Mumbai, Mumbai Suburban District, Maharashtra, India",,residential,"Raheja Vihar, Maharashtra, India"
Rajaram Nagar,19.0940216,72.9183116,"Rajaram Bane Marg, Laxmi Nagar, Ghatkopar, N Ward, Mumbai Zone 6, Mumbai, Mumbai Suburban District, Maharashtra, 400075, India",,living_street,"Rajaram Nagar, Maharashtra, India"
Ramabai Ambedkar Nagar,19.1247542,72.9201221,"Ramabai Ambedkar Nagar, Kanjur West, S Ward, Mumbai Zone 6, Mumbai, Mumbai Suburban District, Maharashtra, 400076, India",,neighbourhood,"Ramabai Ambedkar Nagar, Maharashtra, India"
Rambaug,18.5113684,73.8155321,"Rambaug Colony, Erandwane, Anandnagar, Pune City Subdistrict, Pune District, Maharashtra, 411051, India",,residential,"Rambaug, Maharashtra, India"
Ranjanpada,18.9092584,73.0158486,"Ranjanpada, JNPT Road, Uran Subdistrict, Raigad, Maharashtra, 400707, India",,station,"Ranjanpada, Maharashtra, India"
Rasayani,18.8978821,73.1803608,"Rasayani, Khalapur Taluka, Raigad, Maharashtra, 410222, India",,town,"Rasayani, Maharashtra, India"
Sadan wadi,19.1289515,72.8234663,"Baba Sadan, Versova, K/W Ward, Mumbai Zone 3, Mumbai, Mumbai Suburban District, Maharashtra, India",,residential,"Sadan wadi, Maharashtra, India"
Sambhaji Nagar,19.8772630,75.3390241,"Chhatrapati Sambhajinagar, Chhatrapati Sambhajinagar District, Maharashtra, 431002, India",,city,"Sambhaji Nagar, Maharashtra, India"
Sangam Nagar,19.0242996,72.8721003,"Sangam Nagar, Antop Hill, F/N Ward, Mumbai Zone 2, Mumbai City District, Maharashtra, 400037, India",,neighbourhood,"Sangam Nagar, Maharashtra, India"
Sanjay Nagar,19.0673247,72.9275176,"Sanjay Nagar Part 2, sanjay nagar part 2, Shivaji Nagar, M/E Ward, Mumbai Zone 5, Mumbai, Mumbai Suburban District, Maharashtra, India",,residential,"Sanjay Nagar, Maharashtra, India"
Sanpada,19.0659774,73.0095329,"Sanpada, Sanpada Station Road, Sanpada, Navi Mumbai, Thane Subdistrict, Thane, Maharashtra, 400706, India",,station,"Sanpada, Maharashtra, India"
Sardar Vallabhbhai Patel Nagar,19.0320750,72.8709317,"Sardar Vallabhbhai Patel Nagar, Wadala, F/N Ward, Mumbai Zone 2, Mumbai City District, Maharashtra, 400037, India",,neighbourhood,"Sardar Vallabhbhai Patel Nagar, Maharashtra, India"
Sathe Nagar,19.0537530,72.9148886,"sathe nagar, Govandi West, M/E Ward, Mumbai Zone 5, Mumbai, Mumbai Suburban District, Maharashtra, India",,residential,"Sathe Nagar, Maharashtra, India"
Savoli,,,,,,
Seawoods,19.0216748,73.0186236,"Seawoods Grand Central Mall, Seawoods, Seawoods Station Road, Sector-42, Seawoods East, Navi Mumbai, Thane Subdistrict, Thane, Maharashtra, 400706, India",,mall,"Seawoods, Maharashtra, India"
Sector 1 Kopar Khairane,19.1056227,72.9988648,"Kopar Khairane Village, Kopar Khairne, Navi Mumbai, Thane Subdistrict, Thane, Maharashtra, 400709, India",,locality,"Sector 1 Kopar Khairane, Maharashtra, India"
Sector 1 Shiravane,19.0469267,73.0211474,"Shiravane Village, Juinagar, Navi Mumbai, Thane Subdistrict, Thane, Maharashtra, 400007, India",,locality,"Sector 1 Shiravane, Maharashtra, India"
Sector 10 Sanpada,19.0607337,73.0116775,"Sanpada, Navi Mumbai, Thane Subdistrict, Thane, Maharashtra, 400705, India",,suburb,"Sector 10 Sanpada, Maharashtra, India"
Sector 10 Vashi,19.0990752,73.0051825,"D Mart Police Station, Sector 10, Vashi - Koparkhairne Link Road, Kopar Khairne, Navi Mumbai, Thane Subdistrict, Thane, Maharashtra, 400709, India",,police,"Sector 10 Vashi, Maharashtra, India"
Sector 10A Vashi,19.0699948,72.9959605,"Sector 1, Vashi, Navi Mumbai, Thane Subdistrict, Thane, Maharashtra, India",,neighbourhood,"Sector 10A Vashi, Maharashtra, India"
Sector 11 Kamothe,19.0173837,73.0954838,"Prem Aangan society,kamothe, Prem Aangan, Panvel, Panvel Subdistrict, Raigad, Maharashtra, 410209, India",,residential,"Sector 11 Kamothe, Maharashtra, India"
Sector 11 Vashi,19.0757840,72.9952364,"Vashi, Navi Mumbai, Thane Subdistrict, Thane, Maharashtra, 400703, India",,suburb,"Sector 11 Vashi, Maharashtra, India"
Sector 12,19.1177420,72.9904477,"Sector 12, Ghansoli, Navi Mumbai, Thane Subdistrict, Thane, Maharashtra, India",,locality,"Sector 12, Maharashtra, India"
Sector 12 Kharghar,19.0525298,73.0735111,"Kharghar, Panvel, Panvel Subdistrict, Raigad, Maharashtra, 410210, India",,suburb,"Sector 12 Kharghar, Maharashtra, India"
Sector 12 New Panvel,18.9993761,73.1239899,"New Panvel, Panvel, Panvel Subdistrict, Raigad, Maharashtra, 410206, India",,suburb,"Sector 12 New Panvel, Maharashtra, India"
Sector 12 Vashi,19.0877597,73.0039074,"Sector 12 Vashi, Vashi - Koparkhairne Link Road, Kopar Khairne, Navi Mumbai, Thane Subdistrict, Thane, Maharashtra, 400703, India",,bus_stop,"Sector 12 Vashi, Maharashtra, India"
Sector 14 Vashi,19.0757840,72.9952364,"Vashi, Navi Mumbai, Thane Subdistrict, Thane, Maharashtra, 400703, India",,suburb,"Sector 14 Vashi, Maharashtra, India"
Sector 15 Belapur,19.5646023,74.6484732,"Belapur Bk, Shrirampur, Ahilyanagar District, Maharashtra, 413715, India",,village,"Sector 15 Belapur, Maharashtra, India"
Sector 15 Kopar Khairane,19.1056227,72.9988648,"Kopar Khairane Village, Kopar Khairne, Navi Mumbai, Thane Subdistrict, Thane, Maharashtra, 400709, India",,locality,"Sector 15 Kopar Khairane, Maharashtra, India"
Sector 15 Vashi,19.0757840,72.9952364,"Vashi, Navi Mumbai, Thane Subdistrict, Thane, Maharashtra, 400703, India",,suburb,"Sector 15 Vashi, Maharashtra, India"
Sector 16 Airoli,19.1582719,72.9967088,"Airoli, Navi Mumbai, Thane Subdistrict, Thane, Maharashtra, 400708, India",,suburb,"Sector 16 Airoli, Maharashtra, India"
Sector 16 Kalamboli,19.0358309,73.1034796,"Kalamboli, Panvel, Panvel Subdistrict, Raigad, Maharashtra, 410218, India",,suburb,"Sector 16 Kalamboli, Maharashtra, India"
Sector 16 Kopar Khairane,19.0991188,73.0015852,"Sati CHS, plot no. 12, sector- 16, Gyan Vikas Road, Kopar Khairne, Navi Mumbai, Thane Subdistrict, Thane, Maharashtra, 400709, India",,yes,"Sector 16 Kopar Khairane, Maharashtra, India"
Sector 16 Nerul,19.0331360,73.0089368,"16, Sector 6 Nerul Road, Nerul West, Navi Mumbai, Thane Subdistrict, Thane, Maharashtra, 400007, India",,apartments,"Sector 16 Nerul, Maharashtra, India"
Sector 16 Ulwe,17.8910705,73.7891047,"ulwe, 123, Satara, Jaoli, Satara, Maharashtra, 400706, India",,village,"Sector 16 Ulwe, Maharashtra, India"
Sector 16 Vashi,19.0757840,72.9952364,"Vashi, Navi Mumbai, Thane Subdistrict, Thane, Maharashtra, 400703, India",,suburb,"Sector 16 Vashi, Maharashtra, India"
Sector 17 Kopar Khairane,19.1056227,72.9988648,"Kopar Khairane Village, Kopar Khairne, Navi Mumbai, Thane Subdistrict, Thane, Maharashtra, 400709, India",,locality,"Sector 17 Kopar Khairane, Maharashtra, India"
Sector 17 Nerul,19.0333249,73.0089489,"17, Sector 6 Nerul Road, Nerul West, Navi Mumbai, Thane Subdistrict, Thane, Maharashtra, 400007, India",,apartments,"Sector 17 Nerul, Maharashtra, India"
Sector 17 Ulwe,17.8910705,73.7891047,"ulwe, 123, Satara, Jaoli, Satara, Maharashtra, 400706, India",,village,"Sector 17 Ulwe, Maharashtra, India"
Sector 17 Vashi,19.0757840,72.9952364,"Vashi, Navi Mumbai, Thane Subdistrict, Thane, Maharashtra, 400703, India",,suburb,"Sector 17 Vashi, Maharashtra, India"
Sector 18 Kamothe,19.0173837,73.0954838,"Prem Aangan society,kamothe, Prem Aangan, Panvel, Panvel Subdistrict, Raigad, Maharashtra, 410209, India",,residential,"Sector 18 Kamothe, Maharashtra, India"
Sector 18 Kopar Khairane,19.1056227,72.9988648,"Kopar Khairane Village, Kopar Khairne, Navi Mumbai, Thane Subdistrict, Thane, Maharashtra, 400709, India",,locality,"Sector 18 Kopar Khairane, Maharashtra, India"
Sector 18 Ulwe,17.8910705,73.7891047,"ulwe, 123, Satara, Jaoli, Satara, Maharashtra, 400706, India",,village,"Sector 18 Ulwe, Maharashtra, India"
Sector 18A Nerul,19.0310419,73.0356567,"Sector 9 Agro Project Farm, Belapur East, Navi Mumbai, Thane Subdistrict, Thane, Maharashtra, India",,allotments,"Sector 18A Nerul, Maharashtra, India"
Sector 19 Kharghar,19.0525298,73.0735111,"Kharghar, Panvel, Panvel Subdistrict, Raigad, Maharashtra, 410210, India",,suburb,"Sector 19 Kharghar, Maharashtra, India"
Sector 19 Vashi,19.0757840,72.9952364,"Vashi, Navi Mumbai, Thane Subdistrict, Thane, Maharashtra, 400703, India",,suburb,"Sector 19 Vashi, Maharashtra, India"
Sector 19A Nerul,19.0310419,73.0356567,"Sector 9 Agro Project Farm, Belapur East, Navi Mumbai, Thane Subdistrict, Thane, Maharashtra, India",,allotments,"Sector 19A Nerul, Maharashtra, India"
Sector 19A Vashi,19.0699948,72.9959605,"Sector 1, Vashi, Navi Mumbai, Thane Subdistrict, Thane, Maharashtra, India",,neighbourhood,"Sector 19A Vashi, Maharashtra, India"
Sector 19D Vashi,19.0699948,72.9959605,"Sector 1, Vashi, Navi Mumbai, Thane Subdistrict, Thane, Maharashtra, India",,neighbourhood,"Sector 19D Vashi, Maharashtra, India"
Sector 1A Kopar Khairane,19.1056227,72.9988648,"Kopar Khairane Village, Kopar Khairne, Navi Mumbai, Thane Subdistrict, Thane, Maharashtra, 400709, India",,locality,"Sector 1A Kopar Khairane, Maharashtra, India"
Sector 2 CBD Belapur,19.0234849,73.0384895,"CBD Belapur East, Belapur East, Navi Mumbai, Thane Subdistrict, Thane, Maharashtra, India",,commercial,"Sector 2 CBD Belapur, Maharashtra, India"
Sector 2 Kopar Khairane,19.1056227,72.9988648,"Kopar Khairane Village, Kopar Khairne, Navi Mumbai, Thane Subdistrict, Thane, Maharashtra, 400709, India",,locality,"Sector 2 Kopar Khairane, Maharashtra, India"
Sector 2 New Panvel,18.9993761,73.1239899,"New Panvel, Panvel, Panvel Subdistrict, Raigad, Maharashtra, 410206, India",,suburb,"Sector 2 New Panvel, Maharashtra, India"
Sector 2 Vashi,19.0757840,72.9952364,"Vashi, Navi Mumbai, Thane Subdistrict, Thane, Maharashtra, 400703, India",,suburb,"Sector 2 Vashi, Maharashtra, India"
Sector 20 Kharghar,19.0525298,73.0735111,"Kharghar, Panvel, Panvel Subdistrict, Raigad, Maharashtra, 410210, India",,suburb,"Sector 20 Kharghar, Maharashtra, India"
Sector 20 Kopar Khairane,19.1056227,72.9988648,"Kopar Khairane Village, Kopar Khairne, Navi Mumbai, Thane Subdistrict, Thane, Maharashtra, 400709, India",,locality,"Sector 20 Kopar Khairane, Maharashtra, India"
Sector 20 Roadpali,19.0366032,73.0911631,"Roadpali Park Ave, Kalamboli, Panvel, Panvel Subdistrict, Raigad, Maharashtra, 410218, India",,residential,"Sector 20 Roadpali, Maharashtra, India"
Sector 21 Kamothe,19.0173837,73.0954838,"Prem Aangan society,kamothe, Prem Aangan, Panvel, Panvel Subdistrict, Raigad, Maharashtra, 410209, India",,residential,"Sector 21 Kamothe, Maharashtra, India"
Sector 21 Kharghar,19.0525298,73.0735111,"Kharghar, Panvel, Panvel Subdistrict, Raigad, Maharashtra, 410210, India",,suburb,"Sector 21 Kharghar, Maharashtra, India"
Sector 21 Nerul,19.0370749,73.0124752,"Nerul West, Navi Mumbai, Thane Subdistrict, Thane, Maharashtra, 400007, India",,suburb,"Sector 21 Nerul, Maharashtra, India"
Sector 21 New Panvel,18.9993761,73.1239899,"New Panvel, Panvel, Panvel Subdistrict, Raigad, Maharashtra, 410206, India",,suburb,"Sector 21 New Panvel, Maharashtra, India"
Sector 22 Kamothe,19.0173837,73.0954838,"Prem Aangan society,kamothe, Prem Aangan, Panvel, Panvel Subdistrict, Raigad, Maharashtra, 410209, India",,residential,"Sector 22 Kamothe, Maharashtra, India"
Sector 23 Kharghar,19.0525298,73.0735111,"Kharghar, Panvel, Panvel Subdistrict, Raigad, Maharashtra, 410210, India",,suburb,"Sector 23 Kharghar, Maharashtra, India"
Sector 23 Ulwe,17.8910705,73.7891047,"ulwe, 123, Satara, Jaoli, Satara, Maharashtra, 400706, India",,village,"Sector 23 Ulwe, Maharashtra, India"
Sector 24 Ulwe,18.9759053,73.0297988,"Sector 19 Road, Vahal Village, Ulwe, Panvel Subdistrict, Raigad, Maharashtra, 400706, India",,tertiary,"Sector 24 Ulwe, Maharashtra, India"
Sector 25 Khandeshhwar,19.0173837,73.0954838,"Prem Aangan society,kamothe, Prem Aangan, Panvel, Panvel Subdistrict, Raigad, Maharashtra, 410209, India",,residential,Sector 25 Kamothe Navi Mumbai Maharashtra India
Sector 26 Vashi,19.0757840,72.9952364,"Vashi, Navi Mumbai, Thane Subdistrict, Thane, Maharashtra, 400703, India",,suburb,"Sector 26 Vashi, Maharashtra, India"
Sector 28 Vashi,19.0757840,72.9952364,"Vashi, Navi Mumbai, Thane Subdistrict, Thane, Maharashtra, 400703, India",,suburb,"Sector 28 Vashi, Maharashtra, India"
Sector 29 Vashi,19.0894378,73.0047837,"Sector 29 Vashi, Vashi - Koparkhairne Link Road, Kopar Khairne, Navi Mumbai, Thane Subdistrict, Thane, Maharashtra, 400703, India",,bus_stop,"Sector 29 Vashi, Maharashtra, India"
Sector 2B Airoli,19.1582719,72.9967088,"Airoli, Navi Mumbai, Thane Subdistrict, Thane, Maharashtra, 400708, India",,suburb,"Sector 2B Airoli, Maharashtra, India"
Sector 3 New Panvel,18.9993761,73.1239899,"New Panvel, Panvel, Panvel Subdistrict, Raigad, Maharashtra, 410206, India",,suburb,"Sector 3 New Panvel, Maharashtra, India"
Sector 3 Vashi,19.0757840,72.9952364,"Vashi, Navi Mumbai, Thane Subdistrict, Thane, Maharashtra, 400703, India",,suburb,"Sector 3 Vashi, Maharashtra, India"
Sector 30 Kharghar,19.0525298,73.0735111,"Kharghar, Panvel, Panvel Subdistrict, Raigad, Maharashtra, 420210, India",,suburb,"Sector 30 Kharghar, Maharashtra, India"
Sector 30 Vashi,19.0757840,72.9952364,"Vashi, Navi Mumbai, Thane Subdistrict, Thane, Maharashtra, 400703, India",,suburb,"Sector 30 Vashi, Maharashtra, India"
Sector 30A Vashi,19.0643025,72.9999608,"Inorbit Mall, Sector 30A, Vashi Station Road, Vashi, Navi Mumbai, Thane Subdistrict, Thane, Maharashtra, 400703, India",,bus_stop,"Sector 30A Vashi, Maharashtra, India"
Sector 31 Vashi,19.0699948,72.9959605,"Sector 1, Vashi, Navi Mumbai, Thane Subdistrict, Thane, Maharashtra, India",,neighbourhood,"Sector 31 Vashi, Maharashtra, India"
Sector 35 Kamothe,19.0173837,73.0954838,"Prem Aangan society,kamothe, Prem Aangan, Panvel, Panvel Subdistrict, Raigad, Maharashtra, 410209, India",,residential,"Sector 35 Kamothe, Maharashtra, India"
Sector 35E Kharghar,19.0471632,73.0807711,"Sector 18th Road, Murbi Village, Kharghar, Panvel, Panvel Subdistrict, Raigad, Maharashtra, 420210, India",,residential,"Sector 35E Kharghar, Maharashtra, India"
Sector 35G Kharghar,19.0705589,73.0693177,"Hyde Park, Sector 35G, Kharghar, Panvel, Panvel Subdistrict, Raigad, Maharashtra, 410210, India",,residential,"Sector 35G Kharghar, Maharashtra, India"
Sector 35I Kharghar,19.0458353,73.0783195,"Sector 19th Road, Kharghar Village, Kharghar, Panvel, Panvel Subdistrict, Raigad, Maharashtra, 420210, India",,secondary,"Sector 35I Kharghar, Maharashtra, India"
Sector 4 Airoli,19.1582719,72.9967088,"Airoli, Navi Mumbai, Thane Subdistrict, Thane, Maharashtra, 400708, India",,suburb,"Sector 4 Airoli, Maharashtra, India"
Sector 4 Ghansoli,19.1145086,73.0019977,"Sector 4, Ghansoli, Navi Mumbai, Thane Subdistrict, Thane, Maharashtra, India",,locality,"Sector 4 Ghansoli, Maharashtra, India"
Sector 44 Seawoods,19.0150570,73.0123022,"Bank of India, Jairam Tukaram Tandel Marg, Sector-44, Seawoods West, Navi Mumbai, Thane Subdistrict, Thane, Maharashtra, 400706, India",,bank,"Sector 44 Seawoods, Maharashtra, India"
Sector 44A Seawoods,19.0126990,73.0115861,"Sector-44A, Seawoods West, Navi Mumbai, Thane Subdistrict, Thane, Maharashtra, 400706, India",,residential,"Sector 44A Seawoods, Maharashtra, India"
Sector 5 Ghansoli,19.1175161,73.0033906,"Sector 5, Sector 6, Ghansoli, Navi Mumbai, Thane Subdistrict, Thane, Maharashtra, India",,locality,"Sector 5 Ghansoli, Maharashtra, India"
Sector 5 Kopar Khairane,19.1056227,72.9988648,"Kopar Khairane Village, Kopar Khairne, Navi Mumbai, Thane Subdistrict, Thane, Maharashtra, 400709, India",,locality,"Sector 5 Kopar Khairane, Maharashtra, India"
Sector 5 Vashi,19.0757840,72.9952364,"Vashi, Navi Mumbai, Thane Subdistrict, Thane, Maharashtra, 400703, India",,suburb,"Sector 5 Vashi, Maharashtra, India"
Sector 6 Kharghar,19.0525298,73.0735111,"Kharghar, Panvel, Panvel Subdistrict, Raigad, Maharashtra, 410210, India",,suburb,"Sector 6 Kharghar, Maharashtra, India"
Sector 6 New Panvel,19.0097282,73.1177843,"Vasundhara CHS, sector 6 new panvel, Sector Number 6th Road, New Panvel, Panvel, Panvel Subdistrict, Raigad, Maharashtra, 410206, India",,yes,"Sector 6 New Panvel, Maharashtra, India"
Sector 6 Vashi,19.0757840,72.9952364,"Vashi, Navi Mumbai, Thane Subdistrict, Thane, Maharashtra, 400703, India",,suburb,"Sector 6 Vashi, Maharashtra, India"
Sector 7 Airoli,19.1582719,72.9967088,"Airoli, Navi Mumbai, Thane Subdistrict, Thane, Maharashtra, 400708, India",,suburb,"Sector 7 Airoli, Maharashtra, India"
Sector 7 Ghansoli,19.1193307,72.9995096,"Ghansoli, Navi Mumbai, Thane Subdistrict, Thane, Maharashtra, 400701, India",,suburb,"Sector 7 Ghansoli, Maharashtra, India"
Sector 7 Kharghar,19.0331695,73.0658742,"Hotel Three Star, Sector 7, Kharghar Flyover, Panvel, Panvel Subdistrict, Raigad, Maharashtra, 410210, India",,hotel,"Sector 7 Kharghar, Maharashtra, India"
Sector 7 Kopar Khairane,19.1056227,72.9988648,"Kopar Khairane Village, Kopar Khairne, Navi Mumbai, Thane Subdistrict, Thane, Maharashtra, 400709, India",,locality,"Sector 7 Kopar Khairane, Maharashtra, India"
Sector 7 Vashi,19.0757840,72.9952364,"Vashi, Navi Mumbai, Thane Subdistrict, Thane, Maharashtra, 400703, India",,suburb,"Sector 7 Vashi, Maharashtra, India"
Sector 8 Airoli,19.1481414,72.9949050,"Sector 8 (Airoli), Diva Koliwada Road, Airoli Sector 5, Airoli, Navi Mumbai, Thane Subdistrict, Thane, Maharashtra, 410701, India",,bus_stop,"Sector 8 Airoli, Maharashtra, India"
Sector 8 Kalamboli,19.0358309,73.1034796,"Kalamboli, Panvel, Panvel Subdistrict, Raigad, Maharashtra, 410218, India",,suburb,"Sector 8 Kalamboli, Maharashtra, India"
Sector 8 Kopar Khairane,19.1056227,72.9988648,"Kopar Khairane Village, Kopar Khairne, Navi Mumbai, Thane Subdistrict, Thane, Maharashtra, 400709, India",,locality,"Sector 8 Kopar Khairane, Maharashtra, India"
Sector 8 Sanpada,19.0607337,73.0116775,"Sanpada, Navi Mumbai, Thane Subdistrict, Thane, Maharashtra, 400705, India",,suburb,"Sector 8 Sanpada, Maharashtra, India"
Sector 8 Vashi,19.0757840,72.9952364,"Vashi, Navi Mumbai, Thane Subdistrict, Thane, Maharashtra, 400703, India",,suburb,"Sector 8 Vashi, Maharashtra, India"
Sector 8A Airoli,19.1427827,72.9934041,"Yogesh Apartment, Sector 8A, Acharya Vinobha Bhave Road, Diva Village, Airoli, Navi Mumbai, Thane Subdistrict, Thane, Maharashtra, 400708, India",,apartments,"Sector 8A Airoli, Maharashtra, India"
Sector 8A Belapur,19.0257331,73.0420988,"Belapur East, Navi Mumbai, Thane Subdistrict, Thane, Maharashtra, 400614, India",,suburb,"Sector 8A Belapur, Maharashtra, India"
Sector 8B Belapur,19.0310419,73.0356567,"Sector 9 Agro Project Farm, Belapur East, Navi Mumbai, Thane Subdistrict, Thane, Maharashtra, India",,allotments,"Sector 8B Belapur, Maharashtra, India"
Sector 9 Airoli,19.1488906,72.9923596,"Sector 9-Airoli, Mulund - Airoli Link Road, Diva Village, Airoli, Navi Mumbai, Thane Subdistrict, Thane, Maharashtra, 410701, India",,bus_stop,"Sector 9 Airoli, Maharashtra, India"
Sector 9 Ulwe,17.8910705,73.7891047,"ulwe, 123, Satara, Jaoli, Satara, Maharashtra, 400706, India",,village,"Sector 9 Ulwe, Maharashtra, India"
Sector 9 Vashi,19.0757840,72.9952364,"Vashi, Navi Mumbai, Thane Subdistrict, Thane, Maharashtra, 400703, India",,suburb,"Sector 9 Vashi, Maharashtra, India"
Sector 9A Vashi,19.0757840,72.9952364,"Vashi, Navi Mumbai, Thane Subdistrict, Thane, Maharashtra, 400703, India",,suburb,"Sector 9A Vashi, Maharashtra, India"
Sewri,18.9987796,72.8544218,"Sewri, Eastern Freeway, Sadbhavana Nagar, Sewri, F/S Ward, Mumbai Zone 2, Mumbai City District, Maharashtra, 400001, India",,station,"Sewri, Maharashtra, India"
Shailesh Nagar,19.1317025,72.9157388,"Shailesh J Mehta Institute of Management, Main Gate Road, Tirandaz Village, Kanjur West, S Ward, Mumbai Zone 6, Mumbai, Mumbai Suburban District, Maharashtra, 400076, India",,college,"Shailesh Nagar, Maharashtra, India"
Shilphata,19.1430394,73.0467879,"Shilphata, Shill Phata, Shill Gaon, Thane, Thane Subdistrict, Thane, Maharashtra, 410701, India",,trunk,"Shilphata, Maharashtra, India"
Siddharth Nagar,18.5655320,73.8135828,"Siddharth Nagar, Aundh, Khadki, Pune City Subdistrict, Pune District, Maharashtra, India",,residential,"Siddharth Nagar, Maharashtra, India"
Sindhi Colony,19.8748059,75.3367202,"sindhi colony, Osmanpura, Chhatrapati Sambhajinagar, Chhatrapati Sambhajinagar District, Maharashtra, 431002, India",,residential,"Sindhi Colony, Maharashtra, India"
Sindhi Society Chembur,19.0502890,72.8915885,"sng park, sindhi society, Chembur, M/W Ward, Mumbai Zone 5, Mumbai, Mumbai Suburban District, Maharashtra, 400071, India",,park,"Sindhi Society Chembur, Maharashtra, India"
Sindhu Wadi,19.0768913,72.9044421,"sindhu wadi, Vidya Vihar East, N Ward, Mumbai Zone 6, Mumbai, Mumbai Suburban District, Maharashtra, India",,residential,"Sindhu Wadi, Maharashtra, India"
Sion,19.0465213,72.8632834,"Sion, Sion Bandra Link Road, Sion East, G/N Ward, Mumbai Zone 2, Mumbai City District, Maharashtra, 400051, India",,station,"Sion, Maharashtra, India"
Sion Koliwada,19.0407302,72.8642303,"Sion Koliwada, Sion East, F/N Ward, Mumbai Zone 2, Mumbai City District, Maharashtra, 400022, India",,neighbourhood,"Sion Koliwada, Maharashtra, India"
Sion Trombay Road,19.0422269,72.9327330,"V.N. Purav Marg, Mandala, Mankhurd, M/E Ward, Mumbai Zone 5, Mumbai, Mumbai Suburban District, Maharashtra, 400094, India",,tertiary,"Sion Trombay Road, Maharashtra, India"
Subhash Nagar,21.1233162,79.0420532,"Subhash Nagar, Hingna Road, Dharampeth, Digdoh, Nagpur, Nagpur Urban Taluka, Nagpur, Maharashtra, 440036, India",,station,"Subhash Nagar, Maharashtra, India"
Swastik Park,19.0565684,72.8902960,"Swastik Park, Chembur, M/W Ward, Mumbai Zone 5, Mumbai, Mumbai Suburban District, Maharashtra, 400089, India",,neighbourhood,"Swastik Park, Maharashtra, India"
Tagore Nagar,19.1196145,72.9343142,"Tagore Nagar, Vikhroli East, S Ward, Mumbai Zone 6, Mumbai, Mumbai Suburban District, Maharashtra, 400083, India",,neighbourhood,"Tagore Nagar, Maharashtra, India"
Taloja,19.0754826,73.0921912,"Taloja, Panvel, Panvel Subdistrict, Raigad, Maharashtra, 410208, India",,suburb,"Taloja, Maharashtra, India"
Taloja Phase 1,19.0754826,73.0921912,"Taloja, Panvel, Panvel Subdistrict, Raigad, Maharashtra, 410208, India",,suburb,"Taloja Phase 1, Maharashtra, India"
Taloja Phase 2,19.0754826,73.0921912,"Taloja, Panvel, Panvel Subdistrict, Raigad, Maharashtra, 410208, India",,suburb,"Taloja Phase 2, Maharashtra, India"
Tambe Nagar,19.0596098,72.8481016,"Bhai Dhondu Tambe Marg, Gandhi Nagar, Bandra East, H/E Ward, Mumbai Zone 3, Mumbai, Mumbai Suburban District, Maharashtra, 400051, India",,residential,"Tambe Nagar, Maharashtra, India"
Tardeo,18.9722351,72.8203423,"Tardeo, E Ward, Mumbai Zone 1, Mumbai City District, Maharashtra, 400004, India",,suburb,"Tardeo, Maharashtra, India"
Tata Nagar,19.0526286,72.9197627,"Tata Nagar, Govandi West, M/E Ward, Mumbai Zone 5, Mumbai, Mumbai Suburban District, Maharashtra, 400088, India",,neighbourhood,"Tata Nagar, Maharashtra, India"
Tembhipada,19.1560835,72.9273657,"Tembhipada, T Ward, Mumbai Zone 6, Mumbai, Mumbai Suburban District, Maharashtra, 400078, India",,neighbourhood,"Tembhipada, Maharashtra, India"
Thane Belapur Road,19.1966138,72.9870260,"Thane Belapur Road, Jambli Naka, Thane, Thane Subdistrict, Thane, Maharashtra, 400603, India",,primary,"Thane Belapur Road, Maharashtra, India"
Tilak nagar,19.0692377,72.8978464,"Tilak Nagar, Chheda Nagar, M/W Ward, Mumbai Zone 5, Mumbai, Mumbai Suburban District, Maharashtra, 400089, India",,neighbourhood,"Tilak nagar, Maharashtra, India"
Tirandaz,19.0183865,72.8525799,"Rustom Tirandaz Garden, Matunga East, F/N Ward, Mumbai Zone 2, Mumbai City District, Maharashtra, India",,recreation_ground,"Tirandaz, Maharashtra, India"
Tisgao Naka,,,,,,
Titwala,19.2963827,73.2030656,"Titwala, Titwala - Ambivli Road, Titwala, Kalyan-Dombivli, Kalyan Subdistrict, Thane, Maharashtra, 421605, India",,station,"Titwala, Maharashtra, India"
Trombay,19.0336510,72.9503637,"Trombay, V.N. Purav Marg, Trombay Koliwada, Cheeta Camp, M/E Ward, Mumbai Zone 5, Mumbai, Mumbai Suburban District, Maharashtra, 400034, India",,bus_station,"Trombay, Maharashtra, India"
Tulshetpada,19.1608115,72.9312614,"Tulshetpada, Green Wheels Along Blue Lines, Lok Rachna, Mulund Colony, S Ward, Mumbai Zone 6, Mumbai, Mumbai Suburban District, Maharashtra, 400078, India",,bus_stop,"Tulshetpada, Maharashtra, India"
Tunga Village,19.1193710,72.8924338,"Tunga Village, Chandivali, L Ward, Mumbai Zone 5, Mumbai, Mumbai Suburban District, Maharashtra, 400072, India",,neighbourhood,"Tunga Village, Maharashtra, India"
Ulwe,17.8910705,73.7891047,"ulwe, 123, Satara, Jaoli, Satara, Maharashtra, 400706, India",,village,"Ulwe, Maharashtra, India"
Union Park,19.0702474,72.8223173,"Union Park, Khar, H/W Ward, Mumbai Zone 3, Mumbai, Mumbai Suburban District, Maharashtra, India",,park,"Union Park, Maharashtra, India"
Uran,18.8808000,72.9386000,"Uran, Uran Subdistrict, Raigad, Maharashtra, 400702, India",,town,"Uran, Maharashtra, India"
Usarli Khurd,,,,,,
Vaity Wadi,,,,,,
Vashi,19.0632481,72.9987966,"Vashi, Vashi Station Road, Vashi, Navi Mumbai, Thane Subdistrict, Thane, Maharashtra, 400703, India",,station,"Vashi, Maharashtra, India"
Vichumbe,18.9917532,73.1228712,"Vijay Marg - Matheran Road, New Panvel, Panvel, Panvel Subdistrict, Raigad, Maharashtra, 497586, India",,secondary,"Vichumbe, Maharashtra, India"
Vidyavihar,19.0795422,72.8971169,"Vidyavihar, Station Road, Kirol VIllage, Vidya Vihar West, N Ward, Mumbai Zone 6, Mumbai, Mumbai Suburban District, Maharashtra, 400086, India",,station,"Vidyavihar, Maharashtra, India"
Vihighar,,,,,,
Vikhroli,19.1114795,72.9280210,"Vikhroli, P. Soman Marg, Hariyali, Vikhroli West, S Ward, Mumbai Zone 6, Mumbai, Mumbai Suburban District, Maharashtra, 400059, India",,station,"Vikhroli, Maharashtra, India"
Vikhroli Park Site,19.1035605,72.9167731,"Vikhroli Park Site Road 8, Park Site Colony, Pirojsha Godrej Nagar, N Ward, Mumbai Zone 6, Mumbai, Mumbai Suburban District, Maharashtra, 400079, India",,tertiary,"Vikhroli Park Site, Maharashtra, India"
Vishnu Nagar,19.0250002,72.9061681,"Vishnu Nagar, Fertilizer Colony, M/E Ward, Mumbai Zone 5, Mumbai, Mumbai Suburban District, Maharashtra, 400074, India",,neighbourhood,"Vishnu Nagar, Maharashtra, India"
Wadala,19.0269192,72.8759337,"Wadala, F/N Ward, Mumbai Zone 2, Mumbai City District, Maharashtra, 400037, India",,suburb,"Wadala, Maharashtra, India"
Wadeghar,19.2543297,73.1209207,"Wadeghar Main Road, Kalyan, Kalyan-Dombivli, Kalyan Subdistrict, Thane, Maharashtra, 421308, India",,tertiary,"Wadeghar, Maharashtra, India"
ern Railway Colony,18.9799582,72.8334815,"Dr. Babasaheb Ambedkar Memorial Central Railway Hospital, Lalbaug Flyover, Railway Colony, Lalbaug, E Ward, Mumbai Zone 1, Mumbai City District, Maharashtra, 400027, India",,hospital,Central Railway Colony Mumbai Maharashtra India
nanabhai chawl mazg,18.9697337,72.8406201,"Mazgaon, E Ward, Mumbai Zone 1, Mumbai City District, Maharashtra, 200008, India",,suburb,Mazgaon Mumbai Maharashtra India
on demand,,,,,,
titwala,19.2963827,73.2030656,"Titwala, Titwala - Ambivli Road, Titwala, Kalyan-Dombivli, Kalyan Subdistrict, Thane, Maharashtra, 421605, India",,station,"titwala, Maharashtra, India"
